-0.567034678469687,0.05225000000000009

-0.5670344999139653,0.05225000000000009

-0.5670589059702993,0.05200000000000009

-0.5670587092467614,0.05200000000000009

-0.5670830968937057,0.05200000000000009

-0.567082881875663,0.05200000000000009

-0.5671072510757225,0.05200000000000009

-0.5671070177567876,0.05200000000000009

-0.5671313685126842,0.05200000000000009

-0.5671311168967182,0.05200000000000009

-0.5671554492108967,0.05200000000000009

-0.5671551792985288,0.05200000000000009

-0.5671794931699854,0.05175000000000009

-0.5671792049588587,0.05175000000000009

-0.5672035003842686,0.05175000000000009

-0.5672031938701977,0.05175000000000009

-0.5672274708449175,0.05175000000000009

-0.5672271460227054,0.05175000000000009

-0.5672514045413444,0.05175000000000009

-0.5672510614051889,0.05175000000000009

-0.5672753014619316,0.05175000000000009

-0.5672749400056988,0.05175000000000009

-0.5672991615944822,0.05150000000000009

-0.5672987818118351,0.05150000000000009

-0.5672777997241493,0.05150000000000009

-0.5672379242978989,0.05150000000000009

-0.5671797216167394,0.05150000000000009

-0.5671032943564059,0.05150000000000009

-0.567008564162841,0.05150000000000009

-0.566895417255998,0.05150000000000009

-0.566810175685053,0.05150000000000009

-0.5667005271293153,0.05150000000000009

-0.5666163006099864,0.05125000000000009

-0.566506843385342,0.05125000000000009

-0.5664226559268603,0.05125000000000009

-0.5663133258703715,0.05125000000000009

-0.5662294255508106,0.05125000000000009

-0.566120543849187,0.05125000000000009

-0.5660372310567923,0.05125000000000009

-0.5659290524006472,0.05125000000000009

-0.565846531841479,0.05125000000000009

-0.5657392149267417,0.05125000000000009

-0.5656576127481118,0.05100000000000009

-0.5655512624931194,0.05100000000000009

-0.5654706610627891,0.05100000000000009

-0.5653653354461202,0.05100000000000009

-0.565285778644508,0.05100000000000009

-0.5651815088525202,0.05100000000000009

-0.5651030196203041,0.05100000000000009

-0.5649998219153282,0.05100000000000009

-0.5649224118897276,0.05100000000000009

-0.5648202946541969,0.05100000000000009

-0.5647439696345713,0.05075000000000009

-0.5646429372400606,0.05075000000000009

-0.5645677001410971,0.05075000000000009

-0.5644677549872646,0.05075000000000009

-0.5643936073735683,0.05075000000000009

-0.5642947509184082,0.05075000000000009

-0.5642216937590584,0.05075000000000009

-0.5641239270098196,0.05075000000000009

-0.564051961017646,0.05075000000000009

-0.5639552847451853,0.05075000000000009

-0.5638844105069318,0.050500000000000086

-0.5637888253281456,0.050500000000000086

-0.5637190433398939,0.050500000000000086

-0.563624549744998,0.050500000000000086

-0.5635558604130366,0.050500000000000086

-0.5634624587755824,0.050500000000000086

-0.563394862411514,0.050500000000000086

-0.5633025529972879,0.050500000000000086

-0.563236049818381,0.050500000000000086

-0.5631448327979708,0.050500000000000086

-0.5630794229347447,0.050250000000000086

-0.5629892983993097,0.050250000000000086

-0.5629249819083136,0.050250000000000086

-0.5628359498863817,0.050250000000000086

-0.5627727267650692,0.050250000000000086

-0.562684787238187,0.050250000000000086

-0.5626226574393871,0.050250000000000086

-0.5625358103551404,0.050250000000000086

-0.5624747737992064,0.050250000000000086

-0.5623890190809333,0.050250000000000086

-0.5623290756649454,0.050000000000000086

-0.5622444132182938,0.050000000000000086

-0.5621855628222243,0.050000000000000086

-0.5621019925390165,0.050000000000000086

-0.5620442350293827,0.050000000000000086

-0.561961756789375,0.050000000000000086

-0.5619050920208224,0.050000000000000086

-0.5618237056921883,0.050000000000000086

-0.5617681335079348,0.050000000000000086

-0.561687838946967,0.050000000000000086

-0.5616333591784447,0.049750000000000086

-0.5615541562289026,0.049750000000000086

-0.5614542958540932,0.049750000000000086

-0.5613696807495088,0.049750000000000086

-0.5612624491287129,0.049750000000000086

-0.5611352730742653,0.049750000000000086

-0.5610357598736129,0.049750000000000086

-0.5609119742123074,0.049750000000000086

-0.5608139595074145,0.049750000000000086

-0.5606909807450721,0.049750000000000086

-0.5605935792923895,0.049500000000000086

-0.5604712098894753,0.049500000000000086

-0.5603744813921835,0.049500000000000086

-0.5602528666637355,0.049500000000000086

-0.5601569627129689,0.049500000000000086

-0.5600362435262574,0.049500000000000086

-0.5599412822427442,0.049500000000000086

-0.5598215434326561,0.049500000000000086

-0.5597275921666085,0.049500000000000086

-0.5596088840990119,0.049500000000000086

-0.5595159815860684,0.049250000000000085

-0.5593983326778721,0.049250000000000085

-0.5593065003701103,0.049250000000000085

-0.5591899262762914,0.049250000000000085

-0.5590991757547127,0.049250000000000085

-0.55898368499789,0.049250000000000085

-0.5588940223350836,0.049250000000000085

-0.5587796194592184,0.049250000000000085

-0.5586910478040574,0.049250000000000085

-0.5585777353196006,0.049250000000000085

-0.5584902563736264,0.049000000000000085

-0.5583780357575139,0.049000000000000085

-0.5582916505135463,0.049000000000000085

-0.5581805227092054,0.049000000000000085

-0.5580952318137357,0.049000000000000085

-0.5579851974740548,0.049000000000000085

-0.5579010013940621,0.049000000000000085

-0.5577920609951239,0.049000000000000085

-0.5577089600878671,0.049000000000000085

-0.5576011139813069,0.049000000000000085

-0.5575191085207053,0.048750000000000085

-0.557412356959919,0.048750000000000085

-0.5572849218555896,0.048750000000000085

-0.5571385248879971,0.048750000000000085

-0.5569737315013332,0.048750000000000085

-0.556790632627114,0.048750000000000085

-0.556589160261344,0.048750000000000085

-0.5564157610986248,0.048750000000000085

-0.5562179964133308,0.048750000000000085

-0.5560458050360421,0.048750000000000085

-0.555848393359784,0.048500000000000085

-0.555629792182642,0.048500000000000085

-0.5554383688457343,0.048500000000000085

-0.5552224290961429,0.048500000000000085

-0.5550321934257918,0.048500000000000085

-0.5548169327559833,0.048500000000000085

-0.5546272646068999,0.048500000000000085

-0.5544126164428695,0.048500000000000085

-0.554223636850519,0.048500000000000085

-0.5540097585424759,0.048500000000000085

-0.5538216219524127,0.048250000000000084

-0.553608634242,0.048250000000000084

-0.5534214392997426,0.048250000000000084

-0.553209432164211,0.048250000000000084

-0.5530232495865393,0.048250000000000084

-0.5528122748738826,0.048250000000000084

-0.5526271439108583,0.048250000000000084

-0.55241722963652,0.048250000000000084

-0.5522331710314872,0.048250000000000084

-0.5520243319455187,0.048250000000000084

-0.5518413563092195,0.048000000000000084

-0.5516336000590233,0.048000000000000084

-0.5514517127236939,0.048000000000000084

-0.5512450433664191,0.048000000000000084

-0.5510642471023944,0.048000000000000084

-0.5508586669772487,0.048000000000000084

-0.5506789633779826,0.048000000000000084

-0.5504744740025435,0.048000000000000084

-0.550295864126044,0.048000000000000084

-0.5500924665957552,0.048000000000000084

-0.5499149512346674,0.047750000000000084

-0.5497126463857969,0.047750000000000084

-0.5495362261650298,0.047750000000000084

-0.5493350146369768,0.047750000000000084

-0.5491596900431283,0.047750000000000084

-0.5489595723066281,0.047750000000000084

-0.5487853436990098,0.047750000000000084

-0.5485863200785539,0.047750000000000084

-0.5484131877014917,0.047750000000000084

-0.5482152584006528,0.047750000000000084

-0.5480432224017436,0.047500000000000084

-0.5478463875312423,0.047500000000000084

-0.5476754479835989,0.047500000000000084

-0.5474797075891296,0.047500000000000084

-0.5473098645141663,0.047500000000000084

-0.5471152186009421,0.047500000000000084

-0.5469464719885815,0.047500000000000084

-0.5467529205409857,0.047500000000000084

-0.5465852703657272,0.047500000000000084

-0.5463928133612928,0.047500000000000084

-0.5462262595934684,0.047250000000000084

-0.5460348970117748,0.047250000000000084

-0.5458694396244762,0.047250000000000084

-0.5456791714517599,0.047250000000000084

-0.5455148104242249,0.047250000000000084

-0.5453256366550113,0.047250000000000084

-0.5451623719735615,0.047250000000000084

-0.544974292610273,0.047250000000000084

-0.5448121242676646,0.047250000000000084

-0.5446251393192305,0.047250000000000084

-0.5444640673133153,0.04700000000000008

-0.5442781767933184,0.04700000000000008

-0.5441182011253582,0.04700000000000008

-0.543933405050257,0.04700000000000008

-0.5437745257234144,0.04700000000000008

-0.5435908241110537,0.04700000000000008

-0.5434330411292173,0.04700000000000008

-0.5432504339976515,0.04700000000000008

-0.5430937473644888,0.04700000000000008

-0.5429122347312437,0.04700000000000008

-0.5427566444496715,0.04675000000000008

-0.5425762263312628,0.04675000000000008

-0.5424217324031483,0.04675000000000008

-0.5422424088148833,0.04675000000000008

-0.5420890112409311,0.04675000000000008

-0.5419107821968765,0.04675000000000008

-0.5417584809766806,0.04675000000000008

-0.5415813464897266,0.04675000000000008

-0.5414301416218662,0.04675000000000008

-0.5412541017038962,0.04675000000000008

-0.5411039931861064,0.04650000000000008

-0.540929047848105,0.04650000000000008

-0.5407800356773659,0.04650000000000008

-0.5406061849295954,0.04650000000000008

-0.5404582691023065,0.04650000000000008

-0.5402855129544375,0.04650000000000008

-0.540138693466536,0.04650000000000008

-0.539967031927738,0.04650000000000008

-0.5398213087747393,0.04650000000000008

-0.5396507418537769,0.04650000000000008

-0.5395061150308634,0.04625000000000008

-0.539336642736141,0.04625000000000008

-0.5391931122381947,0.04625000000000008

-0.5390247345777859,0.04625000000000008

-0.5388823003993953,0.04625000000000008

-0.5387150173810751,0.04625000000000008

-0.5385736795165678,0.04625000000000008

-0.538407491147808,0.04625000000000008

-0.5382672495912276,0.04625000000000008

-0.5381021558792191,0.04625000000000008

-0.5379630106243588,0.04600000000000008

-0.5377990115759796,0.04600000000000008

-0.5376141972383712,0.04600000000000008

-0.5374102735148726,0.04600000000000008

-0.5371878014350662,0.04600000000000008

-0.5369468685127541,0.04600000000000008

-0.5367342052392442,0.04600000000000008

-0.5364971654997315,0.04600000000000008

-0.536285911837714,0.04600000000000008

-0.5360493577129692,0.04600000000000008

-0.535838414933119,0.04575000000000008

-0.5356022189585163,0.04575000000000008

-0.5353917508580429,0.04575000000000008

-0.5351561474480605,0.04575000000000008

-0.5349463796964501,0.04575000000000008

-0.5347115592471904,0.04575000000000008

-0.5345026464898675,0.04575000000000008

-0.5342687448436362,0.04575000000000008

-0.5340607954500087,0.04575000000000008

-0.5338278872550437,0.04575000000000008

-0.5336209593920792,0.04550000000000008

-0.5333890903011083,0.04550000000000008

-0.5331832185217704,0.04550000000000008

-0.5329524143442296,0.04550000000000008

-0.5327476182609797,0.04550000000000008

-0.5325178933121788,0.04550000000000008

-0.532314183780972,0.04550000000000008

-0.5320855458846501,0.04550000000000008

-0.5318829287433776,0.04550000000000008

-0.5316553820893613,0.04550000000000008

-0.5314538603640655,0.04525000000000008

-0.5312274071666371,0.04525000000000008

-0.531026982361515,0.04525000000000008

-0.5308016237936616,0.04525000000000008

-0.5306022966292406,0.04525000000000008

-0.5303780333374496,0.04525000000000008

-0.5301798041602499,0.04525000000000008

-0.5299566365372227,0.04525000000000008

-0.5297595055352974,0.04525000000000008

-0.5295374338558105,0.04525000000000008

-0.5293414011624482,0.04500000000000008

-0.5291204256448735,0.04500000000000008

-0.5289254913806926,0.04500000000000008

-0.5287056122106132,0.04500000000000008

-0.5285117764944085,0.04500000000000008

-0.5282929938310145,0.04500000000000008

-0.5281002567770073,0.04500000000000008

-0.527882570753249,0.04500000000000008

-0.5276909324643501,0.04500000000000008

-0.5274743431862093,0.04500000000000008

-0.527283803748052,0.04475000000000008

-0.5270683112950436,0.04475000000000008

-0.5268788707726083,0.04475000000000008

-0.5266644751999996,0.04475000000000008

-0.5264761336370314,0.04475000000000008

-0.5262628349793343,0.04475000000000008

-0.5260755923999985,0.04475000000000008

-0.5258633906751771,0.04475000000000008

-0.525677247087123,0.04475000000000008

-0.5254661423008954,0.04475000000000008

-0.5252810976989527,0.04450000000000008

-0.5250710898487082,0.04450000000000008

-0.5248871442185955,0.04450000000000008

-0.5246782332966986,0.04450000000000008

-0.5244953866183137,0.04450000000000008

-0.524287572614614,0.04450000000000008

-0.5241058248647008,0.04450000000000008

-0.5238991077683479,0.04450000000000008

-0.5237184589224613,0.04450000000000008

-0.523512838722998,0.04450000000000008

-0.5233332887568016,0.04425000000000008

-0.5231287654447745,0.04425000000000008

-0.5229503143348007,0.04425000000000008

-0.522746887901971,0.04425000000000008

-0.5225695356259331,0.04425000000000008

-0.5223672060652361,0.04425000000000008

-0.5221909526020966,0.04425000000000008

-0.5219897199074314,0.04425000000000008

-0.5218145652372235,0.04425000000000008

-0.5216144293413905,0.04425000000000008

-0.5214403733762148,0.04400000000000008

-0.5212413341985345,0.04400000000000008

-0.5210214152949252,0.04400000000000008

-0.520829258935236,0.04400000000000008

-0.5206126374273933,0.04400000000000008

-0.5204221916642409,0.04400000000000008

-0.5202066753572463,0.04400000000000008

-0.5200171406112829,0.04400000000000008

-0.5198025006407613,0.04400000000000008

-0.5196138591456804,0.04400000000000008

-0.5194001488331538,0.04375000000000008

-0.5191654879901199,0.04375000000000008

-0.5189585518097761,0.04375000000000008

-0.5187271073714502,0.04375000000000008

-0.5185218204237273,0.04375000000000008

-0.5182914380608501,0.04375000000000008

-0.5180870306025229,0.04375000000000008

-0.5178575003493504,0.04375000000000008

-0.5176539688571155,0.04375000000000008

-0.5174253541928043,0.04375000000000008

-0.517222776284077,0.04350000000000008

-0.5169951463617829,0.04350000000000008

-0.5167935804636243,0.04350000000000008

-0.516566981629879,0.04350000000000008

-0.5163664644242081,0.04350000000000008

-0.5161409245646794,0.04350000000000008

-0.5159414777312749,0.04350000000000008

-0.5157170130159745,0.04350000000000008

-0.5155186490099473,0.04350000000000008

-0.5152952686193748,0.04350000000000008

-0.5150979944264577,0.04325000000000008

-0.514875703480973,0.04325000000000008

-0.5146795229146518,0.04325000000000008

-0.5144583242252931,0.04325000000000008

-0.514263239302745,0.04325000000000008

-0.5140431343975139,0.04325000000000008

-0.5138491461508402,0.04325000000000008

-0.5136301358646009,0.04325000000000008

-0.5134372448091483,0.04325000000000008

-0.5132193296141303,0.04325000000000008

-0.5130275360103816,0.04300000000000008

-0.5128107161948824,0.04300000000000008

-0.5126200201878989,0.04300000000000008

-0.5124042959482625,0.04300000000000008

-0.5122146976364045,0.04300000000000008

-0.5120000691211398,0.04300000000000008

-0.5118115685856732,0.04300000000000008

-0.5115980359145764,0.04300000000000008

-0.5114106332291601,0.04300000000000008

-0.5111981965004746,0.04300000000000008

-0.5110118917315369,0.04275000000000008

-0.5108005510242146,0.04275000000000008

-0.510568262376697,0.04275000000000008

-0.5103296058647027,0.04275000000000008

-0.5100706260171222,0.04275000000000008

-0.5098394680062025,0.04275000000000008

-0.5095836334494465,0.04275000000000008

-0.5093538508056061,0.04275000000000008

-0.5090987814894821,0.04275000000000008

-0.508869609834245,0.04275000000000008

-0.5086151630312793,0.04250000000000008

-0.5083395750665232,0.04250000000000008

-0.5080916598867973,0.04250000000000008

-0.5078190961275014,0.04250000000000008

-0.5075726861806896,0.04250000000000008

-0.5073010830686058,0.04250000000000008

-0.507055474391664,0.04250000000000008

-0.5067846688336086,0.04250000000000008

-0.5065398953938516,0.04250000000000008

-0.5062699666831051,0.04250000000000008

-0.5060261176032753,0.04225000000000008

-0.5057571521444824,0.04225000000000008

-0.5055142986719333,0.04225000000000008

-0.5052463521243654,0.04225000000000008

-0.505004538149462,0.04225000000000008

-0.5047376435367772,0.04225000000000008

-0.5044968947934724,0.04225000000000008

-0.5042310711185731,0.04225000000000008

-0.5039914022969875,0.04225000000000008

-0.5037266602627507,0.04225000000000008

-0.50348807952386,0.04200000000000008

-0.5032244250302328,0.04200000000000008

-0.5029869367552775,0.04200000000000008

-0.5027243729833872,0.04200000000000008

-0.5024879794231741,0.04200000000000008

-0.5022265080568342,0.04200000000000008

-0.5019912103066685,0.04200000000000008

-0.5017308322341038,0.04200000000000008

-0.501496630797302,0.04200000000000008

-0.5012373465028862,0.04200000000000008

-0.5010042416049337,0.04175000000000008

-0.5007460513788832,0.04175000000000008

-0.5005140431327862,0.04175000000000008

-0.5002569471765669,0.04175000000000008

-0.5000260356618028,0.04175000000000008

-0.4997700341360945,0.04175000000000008

-0.499540219429694,0.04175000000000008

-0.4992853124725786,0.04175000000000008

-0.49905659465586455,0.04175000000000008

-0.4988027823872192,0.04175000000000008

-0.4985751615418778,0.04150000000000008

-0.4983224440626444,0.04150000000000008

-0.4980959202638833,0.04150000000000008

-0.4978442976545785,0.04150000000000008

-0.49761887096505475,0.04150000000000008

-0.4973683432853254,0.04150000000000008

-0.49714401375140194,0.04150000000000008

-0.49689458104110873,0.04150000000000008

-0.4966713486916143,0.04150000000000008

-0.49642301097312697,0.04150000000000008

-0.4962008758201633,0.04125000000000008

-0.49595363310147045,0.04125000000000008

-0.49573259514261087,0.04125000000000008

-0.49548644742067505,0.04125000000000008

-0.49526650664187,0.04125000000000008

-0.4950214539058491,0.04125000000000008

-0.4948026102844704,0.04125000000000008

-0.49455865251852027,0.04125000000000008

-0.49434090602621195,0.04125000000000008

-0.4940980432117376,0.04125000000000008

-0.4938813938167851,0.04100000000000008

-0.4936396259340957,0.04100000000000008

-0.4934240736032435,0.04100000000000008

-0.4931834006326669,0.04100000000000008

-0.4929689453323983,0.04100000000000008

-0.4927293672549351,0.04100000000000008

-0.49251600895228204,0.04100000000000008

-0.4922775257498944,0.04100000000000008

-0.4920652644128236,0.04100000000000008

-0.49182787606848977,0.04100000000000008

-0.49161671166602083,0.04075000000000008

-0.4913804181636185,0.04075000000000008

-0.49117035066578413,0.04075000000000008

-0.4909351519898927,0.04075000000000008

-0.4907261813675445,0.04075000000000008

-0.4904920775032381,0.04075000000000008

-0.4902842037278426,0.04075000000000008

-0.4900511946604758,0.04075000000000008

-0.48984441770389997,0.04075000000000008

-0.48961250341894397,0.04075000000000008

-0.4894068232532778,0.04050000000000008

-0.48917600373616454,0.04050000000000008

-0.4889435296974207,0.04050000000000008

-0.4886892892730057,0.04050000000000008

-0.48846256866134485,0.04050000000000008

-0.48821105314758323,0.04050000000000008

-0.4879857934688825,0.04050000000000008

-0.4877352757638299,0.04050000000000008

-0.4875108792207285,0.04050000000000008

-0.48726121276290274,0.04050000000000008

-0.48703769636425315,0.04025000000000008

-0.4867889511289306,0.04025000000000008

-0.4865663926508478,0.04025000000000008

-0.48631863593711067,0.04025000000000008

-0.48609709168420073,0.04025000000000008

-0.48585036794934217,0.04025000000000008

-0.48562987316304385,0.04025000000000008

-0.48538420910634383,0.04025000000000008

-0.4851647846704491,0.04025000000000008

-0.48492019575241063,0.04025000000000008

-0.4847018536828833,0.04000000000000008

-0.4844583486270465,0.04000000000000008

-0.48424109563190804,0.04000000000000008

-0.48399867922430145,0.04000000000000008

-0.48378251889909213,0.04000000000000008

-0.4835411936768478,0.04000000000000008

-0.4833261278380181,0.04000000000000008

-0.48308589509139316,0.04000000000000008

-0.48287192457667005,0.04000000000000008

-0.48263278493288375,0.04000000000000008

-0.48241991007305035,0.03975000000000008

-0.48218186382752704,0.03975000000000008

-0.4819700847160162,0.03975000000000008

-0.48173313201281626,0.03975000000000008

-0.481522448652007,0.03975000000000008

-0.4812865895759213,0.03975000000000008

-0.48107700194967984,0.03975000000000008

-0.4808422365682512,0.03975000000000008

-0.4806337446720193,0.03975000000000008

-0.48040007305069876,0.03975000000000008

-0.4801926768986639,0.03975000000000008

-0.4799600991028475,0.03950000000000008

-0.4797063771740117,0.03950000000000008

-0.47943315321292573,0.03950000000000008

-0.4791780969277922,0.03950000000000008

-0.47889967896712504,0.03950000000000008

-0.47864803837059633,0.03950000000000008

-0.4783711548760461,0.03950000000000008

-0.4781203550458535,0.03950000000000008

-0.4778441228513191,0.03950000000000008

-0.47759396991469566,0.03950000000000008

-0.47731843661894585,0.039250000000000076

-0.4770216050991026,0.039250000000000076

-0.47675259720711555,0.039250000000000076

-0.4764588166076191,0.039250000000000076

-0.47619135374995514,0.039250000000000076

-0.475898574106641,0.039250000000000076

-0.4756319475373865,0.039250000000000076

-0.4753399865452566,0.039250000000000076

-0.4750742110722341,0.039250000000000076

-0.4747831422582079,0.039250000000000076

-0.47451830213685214,0.039000000000000076

-0.47422820491183953,0.039000000000000076

-0.4739643662945244,0.039000000000000076

-0.4736752923186787,0.039000000000000076

-0.47341249614912884,0.039000000000000076

-0.47312447612397573,0.039000000000000076

-0.4728627463950869,0.039000000000000076

-0.47257579791704163,0.039000000000000076

-0.4723151482412583,0.039000000000000076

-0.47202928111870296,0.039000000000000076

-0.4717697189497733,0.038750000000000076

-0.4714849384824705,0.038750000000000076

-0.47122646770689436,0.038750000000000076

-0.4709427766520849,0.038750000000000076

-0.4706853991544217,0.038750000000000076

-0.4704027988848483,0.038750000000000076

-0.47014651547905834,0.038750000000000076

-0.4698650066504202,0.038750000000000076

-0.4696098176208933,0.038750000000000076

-0.46932940054428035,0.038750000000000076

-0.46907530594779406,0.038500000000000076

-0.46879598078724277,0.038500000000000076

-0.4685429806104542,0.038500000000000076

-0.4682647474793941,0.038500000000000076

-0.46801284171140783,0.038500000000000076

-0.4677357007129276,0.038500000000000076

-0.4674848893702781,0.038500000000000076

-0.4672088406083298,0.038500000000000076

-0.4669591237355591,0.038500000000000076

-0.46668416731292717,0.038500000000000076

-0.4664355449727314,0.038250000000000076

-0.4661616809846047,0.038250000000000076

-0.46591415324538094,0.038250000000000076

-0.46564138177306713,0.038250000000000076

-0.46539494869804743,0.038250000000000076

-0.4651232698047294,0.038250000000000076

-0.46487793144426764,0.038250000000000076

-0.4646073451732766,0.038250000000000076

-0.464363101560651,0.038250000000000076

-0.46409360793596355,0.038250000000000076

-0.46385045908614697,0.038000000000000075

-0.46358205811444275,0.038000000000000075

-0.46334000402509573,0.038000000000000075

-0.46307269569875326,0.038000000000000075

-0.462831736352627,0.038000000000000075

-0.4625655206530281,0.038000000000000075

-0.46232565602100273,0.038000000000000075

-0.4620605329217432,0.038000000000000075

-0.4618217629660216,0.038000000000000075

-0.46155773243572057,0.038000000000000075

-0.46132005711272306,0.037750000000000075

-0.46105711911728475,0.037750000000000075

-0.4608205383800887,0.037750000000000075

-0.4605586928843849,0.037750000000000075

-0.46032320668459503,0.037750000000000075

-0.4600624536535993,0.037750000000000075

-0.4598280619426518,0.037750000000000075

-0.45956840134211124,0.037750000000000075

-0.4593351040721026,0.037750000000000075

-0.4590765358688454,0.037750000000000075

-0.4588443329929368,0.037500000000000075

-0.4585868571549325,0.037500000000000075

-0.45835574862749484,0.037500000000000075

-0.4580993651237353,0.037500000000000075

-0.4578693509002686,0.037500000000000075

-0.457614059700547,0.037500000000000075

-0.4573851397375072,0.037500000000000075

-0.4571309408122042,0.037500000000000075

-0.45690311506675885,0.037500000000000075

-0.4566500083865953,0.037500000000000075

-0.45642327681638833,0.037250000000000075

-0.4561712623522286,0.037250000000000075

-0.4559456249151644,0.037250000000000075

-0.455694702637837,0.037250000000000075

-0.4554701592918942,0.037250000000000075

-0.4552203291721,0.037250000000000075

-0.45499687987521714,0.037250000000000075

-0.45474814188344576,0.037250000000000075

-0.4545257865934186,0.037250000000000075

-0.45427814069990313,0.037250000000000075

-0.4540568793743384,0.037000000000000074

-0.4538103255490428,0.037000000000000074

-0.4535901581453319,0.037000000000000074

-0.45334469635795804,0.037000000000000074

-0.4531256228332776,0.037000000000000074

-0.45288125305327204,0.037000000000000074

-0.4526632733645909,0.037000000000000074

-0.45241999556116935,0.037000000000000074

-0.45220310966527416,0.037000000000000074

-0.45196092380744257,0.037000000000000074

-0.45174513166094854,0.036750000000000074

-0.4515040377175306,0.036750000000000074

-0.4512416264348588,0.036750000000000074

-0.45100722904676627,0.036750000000000074

-0.45074803085770304,0.036750000000000074

-0.45051483990518015,0.036750000000000074

-0.4502563208119458,0.036750000000000074

-0.4500241229621833,0.036750000000000074

-0.44976650722790595,0.036750000000000074

-0.4495352077437423,0.036750000000000074

-0.4492785205022167,0.036500000000000074

-0.44900044480969703,0.036500000000000074

-0.4487503435579875,0.036500000000000074

-0.44847539662642855,0.036500000000000074

-0.4482269176187924,0.036500000000000074

-0.447953027231207,0.036500000000000074

-0.4477054287969019,0.036500000000000074

-0.44743239238355026,0.036500000000000074

-0.44718567073143556,0.036500000000000074

-0.4469135496022615,0.036500000000000074

-0.44666777950574993,0.036250000000000074

-0.4463966419072861,0.036250000000000074

-0.446151881258241,0.036250000000000074

-0.445881772853969,0.036250000000000074

-0.44563805810120083,0.036250000000000074

-0.44536900636747884,0.036250000000000074

-0.4451263590969656,0.036250000000000074

-0.44485837987409493,0.036250000000000074

-0.4446168124210904,0.036250000000000074

-0.4443499145423295,0.036250000000000074

-0.44410943368119166,0.036000000000000074

-0.44384362187879467,0.036000000000000074

-0.44360423111808883,0.036000000000000074

-0.44333950778794157,0.036000000000000074

-0.44310120877519604,0.036000000000000074

-0.4428375750304537,0.036000000000000074

-0.4426003684021,0.036000000000000074

-0.44233782469059363,0.036000000000000074

-0.44210171057658193,0.036000000000000074

-0.4418402570322781,0.036000000000000074

-0.44160523534581386,0.03575000000000007

-0.4413448719796458,0.03575000000000007

-0.4411109425739624,0.03575000000000007

-0.44085166936933473,0.03575000000000007

-0.4406188321137441,0.03575000000000007

-0.4403606490672663,0.03575000000000007

-0.44012890387592807,0.03575000000000007

-0.4398718110084159,0.03575000000000007

-0.43964115784321167,0.03575000000000007

-0.43938515519613613,0.03575000000000007

-0.4391555940570863,0.03550000000000007

-0.4389006816834038,0.03550000000000007

-0.43867221259475164,0.03550000000000007

-0.4384183905490523,0.03550000000000007

-0.43819101354559803,0.03550000000000007

-0.4379382818759991,0.03550000000000007

-0.43771199699197344,0.03550000000000007

-0.43746035573463604,0.03550000000000007

-0.4372351629958787,0.03550000000000007

-0.43698461217218953,0.03550000000000007

-0.43676051159161644,0.03525000000000007

-0.43651105120756994,0.03525000000000007

-0.4362580233698518,0.03525000000000007

-0.4359831342380607,0.03525000000000007

-0.43573602246835075,0.03525000000000007

-0.4354639096651619,0.03525000000000007

-0.43521826925634405,0.03525000000000007

-0.43494714645835586,0.03525000000000007

-0.434702356244028,0.03525000000000007

-0.4344320713203858,0.03525000000000007

-0.43418814829511054,0.03500000000000007

-0.43391877367562814,0.03500000000000007

-0.4336757982732172,0.03500000000000007

-0.43340740448360854,0.03500000000000007

-0.43316543586669287,0.03500000000000007

-0.43289806954121807,0.03500000000000007

-0.43265714488650975,0.03500000000000007

-0.4323908340585783,0.03500000000000007

-0.43215097546183673,0.03500000000000007

-0.4318857363083134,0.03500000000000007

-0.4316469564547359,0.03475000000000007

-0.4313827979868251,0.03475000000000007

-0.43114510386110544,0.03475000000000007

-0.4308820308697566,0.03475000000000007

-0.4306454260734293,0.03475000000000007

-0.43038344092833447,0.03475000000000007

-0.43014792711127875,0.03475000000000007

-0.42988703084494057,0.03475000000000007

-0.42965260858304954,0.03475000000000007

-0.42939280153363096,0.03475000000000007

-0.4291594708589446,0.03450000000000007

-0.42890075304152175,0.03450000000000007

-0.4286685137531463,0.03450000000000007

-0.4284108850646642,0.03450000000000007

-0.428179736901585,0.03450000000000007

-0.4279231972253408,0.03450000000000007

-0.42769313995331537,0.03450000000000007

-0.4274376892043221,0.03450000000000007

-0.42720872265085663,0.03450000000000007

-0.4269543607881221,0.03450000000000007

-0.42672648484782666,0.03425000000000007

-0.4264732118696848,0.03425000000000007

-0.4262366840809557,0.03425000000000007

-0.42597589426506816,0.03425000000000007

-0.42574201793590366,0.03425000000000007

-0.42548285412553005,0.03425000000000007

-0.42525018700987277,0.03425000000000007

-0.42499207844002596,0.03425000000000007

-0.4247604227420167,0.03425000000000007

-0.42450332127821483,0.03425000000000007

-0.4242726830933636,0.03400000000000007

-0.4240166119426593,0.03400000000000007

-0.42376978495973544,0.03400000000000007

-0.4234995413578955,0.03400000000000007

-0.4232565321635391,0.03400000000000007

-0.42298830544522276,0.03400000000000007

-0.4227465807906878,0.03400000000000007

-0.4224793722230572,0.03400000000000007

-0.4222385899106603,0.03400000000000007

-0.42197231982826683,0.03400000000000007

-0.4217324948128593,0.03375000000000007

-0.4214672071398614,0.03375000000000007

-0.4212283872350453,0.03375000000000007

-0.42096412417348,0.03375000000000007

-0.4207263447367658,0.03375000000000007

-0.42046313396242657,0.03375000000000007

-0.4202264171117537,0.03375000000000007

-0.4199642751974279,0.03375000000000007

-0.41972863403139316,0.03375000000000007

-0.41946757048654115,0.03375000000000007

-0.4192330124723487,0.03350000000000007

-0.4189730325364901,0.03350000000000007

-0.4187395617253485,0.03350000000000007

-0.4184806681239533,0.03350000000000007

-0.41824828653932244,0.03350000000000007

-0.41799048055912585,0.03350000000000007

-0.41775918905789095,0.03350000000000007

-0.41750247119681855,0.03350000000000007

-0.41727226999947575,0.03350000000000007

-0.4170166403529671,0.03350000000000007

-0.4167875293649347,0.03325000000000007

-0.4165329878492357,0.03325000000000007

-0.4162569275280802,0.03325000000000007

-0.41600897021935335,0.03325000000000007

-0.4157360746744127,0.03325000000000007

-0.41548978968531625,0.03325000000000007

-0.4152179912833685,0.03325000000000007

-0.41497262004874413,0.03325000000000007

-0.4147016968676458,0.03325000000000007

-0.4144572163215646,0.03325000000000007

-0.4141872221072163,0.03300000000000007

-0.41389564185875777,0.03300000000000007

-0.4136321267768017,0.03300000000000007

-0.41334363158622417,0.03300000000000007

-0.41308172857934017,0.03300000000000007

-0.41279428878906477,0.03300000000000007

-0.4125332681017827,0.03300000000000007

-0.4122466845740183,0.03300000000000007

-0.4119865417318952,0.03300000000000007

-0.4117008744037675,0.03300000000000007

-0.41144168271530346,0.03275000000000007

-0.4111569986477477,0.03275000000000007

-0.4108988151441075,0.03275000000000007

-0.4106151593010406,0.03275000000000007

-0.41035802000051924,0.03275000000000007

-0.41007541943180725,0.03275000000000007

-0.4098193456828679,0.03275000000000007

-0.4095378159126998,0.03275000000000007

-0.40928281986442877,0.03275000000000007

-0.4090023694368899,0.03275000000000007

-0.40874845766254986,0.03250000000000007

-0.40846909101566037,0.03250000000000007

-0.408216266787358,0.03250000000000007

-0.40793798601393033,0.03250000000000007

-0.4076862507116876,0.03250000000000007

-0.4074090566224318,0.03250000000000007

-0.4071584105995376,0.03250000000000007

-0.4068823033540343,0.03250000000000007

-0.4066327464599186,0.03250000000000007

-0.40635772593062996,0.03250000000000007

-0.4061092578168291,0.03225000000000007

-0.4058353237890023,0.03225000000000007

-0.40558794407795884,0.03225000000000007

-0.4053150963499305,0.03225000000000007

-0.4050688047181247,0.03225000000000007

-0.40479704314275,0.03225000000000007

-0.4045518393518949,0.03225000000000007

-0.4042811638449411,0.03225000000000007

-0.4040370477434775,0.03225000000000007

-0.40376745827512805,0.03225000000000007

-0.4035244297844975,0.03200000000000007

-0.403255926363892,0.03200000000000007

-0.40301398545875755,0.03200000000000007

-0.4027465681173803,0.03200000000000007

-0.4025057148053868,0.03200000000000007

-0.4022393835824337,0.03200000000000007

-0.40199961788646943,0.03200000000000007

-0.4017343728175387,0.03200000000000007

-0.40149569476193236,0.03200000000000007

-0.4012315358713983,0.03200000000000007

-0.40099394547229344,0.03175000000000007

-0.4007308727690172,0.03175000000000007

-0.4004943700285974,0.03175000000000007

-0.4002323835043676,0.03175000000000007

-0.3999969684082406,0.03175000000000007

-0.39973606803824296,0.03175000000000007

-0.3995017405552074,0.03175000000000007

-0.3992419262998055,0.03175000000000007

-0.39900868638323383,0.03175000000000007

-0.3987499581904567,0.03175000000000007

-0.3985178057806007,0.03150000000000007

-0.3982601635889154,0.03150000000000007

-0.398020880710464,0.03150000000000007

-0.39775704737682205,0.03150000000000007

-0.39752014165475746,0.03150000000000007

-0.3972578359790261,0.03150000000000007

-0.3970221152701606,0.03150000000000007

-0.3967608672502919,0.03150000000000007

-0.3965261681569968,0.03150000000000007

-0.3962659380174285,0.03150000000000007

-0.39603226541183434,0.03125000000000007

-0.39577307229153436,0.03125000000000007

-0.39550920871984385,0.03125000000000007

-0.3952233650560285,0.03125000000000007

-0.39496542788050887,0.03125000000000007

-0.39468235116354955,0.03125000000000007

-0.3944258730875706,0.03125000000000007

-0.3941437709251082,0.03125000000000007

-0.39388812847915666,0.03125000000000007

-0.3936068531821974,0.03125000000000007

-0.3933520679368968,0.03100000000000007

-0.39307169438705275,0.03100000000000007

-0.3928178487874172,0.03100000000000007

-0.3925384503012053,0.03100000000000007

-0.3922856058698778,0.03100000000000007

-0.3920072307114858,0.03100000000000007

-0.3917554260593422,0.03100000000000007

-0.39147810314044446,0.03100000000000007

-0.3912273611520387,0.03100000000000007

-0.3909511070101906,0.03100000000000007

-0.39070144069601465,0.03075000000000007

-0.39042626435639427,0.03075000000000007

-0.39017768070321535,0.03075000000000007

-0.3899035867511475,0.03075000000000007

-0.38965608914980887,0.03075000000000007

-0.38938307962417684,0.03075000000000007

-0.3891366693877479,0.03075000000000007

-0.38886474493435136,0.03075000000000007

-0.3886194222423777,0.03075000000000007

-0.3883485828061041,0.03075000000000007

-0.3881043472839844,0.03050000000000007

-0.3878345925132365,0.03050000000000007

-0.3875914435774094,0.03050000000000007

-0.38732277304923346,0.03050000000000007

-0.3870807101015713,0.03050000000000007

-0.3868131234360706,0.03050000000000007

-0.3865721459620589,0.03050000000000007

-0.3863056428699364,0.03050000000000007

-0.38606575047694996,0.03050000000000007

-0.3858003307684588,0.03050000000000007

-0.38556152318856857,0.03025000000000007

-0.3852971867619516,0.03025000000000007

-0.3850594638356092,0.03025000000000007

-0.38479621065647845,0.03025000000000007

-0.3845595723078067,0.03025000000000007

-0.384297402386445,0.03025000000000007

-0.38406184859688913,0.03025000000000007

-0.3838007619674074,0.03025000000000007

-0.38356629275166876,0.03025000000000007

-0.38330628945503925,0.03025000000000007

-0.3830729048413021,0.03000000000000007

-0.38281398491281426,0.03000000000000007

-0.3825661692354819,0.03000000000000007

-0.38229457533315886,0.03000000000000007

-0.38205025190488767,0.03000000000000007

-0.3817805634370835,0.03000000000000007

-0.38153750664271857,0.03000000000000007

-0.3812688481063373,0.03000000000000007

-0.3810267527377839,0.03000000000000007

-0.3807590494304696,0.03000000000000007

-0.38051792384407745,0.029750000000000068

-0.3802512136274155,0.029750000000000068

-0.38001109964132024,0.029750000000000068

-0.3797454179532383,0.029750000000000068

-0.3795063454930174,0.029750000000000068

-0.3792417160790262,0.029750000000000068

-0.3790037042362944,0.029750000000000068

-0.3787401414825262,0.029750000000000068

-0.37850320174363106,0.029750000000000068

-0.37824071397594633,0.029750000000000068

-0.37800485298638464,0.029500000000000068

-0.3777434448028404,0.029500000000000068

-0.3775086662042566,0.029500000000000068

-0.37724833996115703,0.029500000000000068

-0.37701464556018416,0.029500000000000068

-0.3767554022979474,0.029500000000000068

-0.37652279280735923,0.029500000000000068

-0.37626463282369715,0.029500000000000068

-0.3760331083330387,0.029500000000000068

-0.37577603153492845,0.029500000000000068

-0.37554559180774105,0.029250000000000068

-0.375289597923752,0.029250000000000068

-0.37501186657182767,0.029250000000000068

-0.3747623095796786,0.029250000000000068

-0.37448768161351115,0.029250000000000068

-0.37423977948524517,0.029250000000000068

-0.37396624292964525,0.029250000000000068

-0.3737192535957249,0.029250000000000068

-0.373446588666303,0.029250000000000068

-0.37320048557972435,0.029250000000000068

-0.3729287481012185,0.029000000000000067

-0.3726352085952533,0.029000000000000067

-0.3723698046088365,0.029000000000000067

-0.37207929089512715,0.029000000000000067

-0.37181548328332303,0.029000000000000067

-0.37152602063778273,0.029000000000000067

-0.3712630953829291,0.029000000000000067

-0.3709744901569696,0.029000000000000067

-0.37071244272365717,0.029000000000000067

-0.370424753764287,0.029000000000000067

-0.37016365604958873,0.028750000000000067

-0.3698769492490402,0.028750000000000067

-0.36961685741533196,0.028750000000000067

-0.3693311770080497,0.028750000000000067

-0.3690721266213618,0.028750000000000067

-0.3687874991727829,0.028750000000000067

-0.3685295112987017,0.028750000000000067

-0.36824595192918336,0.028750000000000067

-0.36798903845466335,0.028750000000000067

-0.3677065553029544,0.028750000000000067

-0.3674507224938465,0.028500000000000067

-0.36716931956399357,0.028500000000000067

-0.3669145703239641,0.028500000000000067

-0.366634249249239,0.028500000000000067

-0.3663805845400382,0.028500000000000067

-0.3661013456629729,0.028500000000000067

-0.36584876539289624,0.028500000000000067

-0.36557060841721545,0.028500000000000067

-0.36531911198973266,0.028500000000000067

-0.3650420363636943,0.028500000000000067

-0.3647916230066244,0.028250000000000067

-0.36451562813774785,0.028250000000000067

-0.3642662970900097,0.028250000000000067

-0.3639913824546543,0.028250000000000067

-0.3637431330611991,0.028250000000000067

-0.3634692982498084,0.028250000000000067

-0.36322212999863207,0.028250000000000067

-0.36294937472320715,0.028250000000000067

-0.36270328724743855,0.028250000000000067

-0.36243161132841606,0.028250000000000067

-0.3621866043890562,0.028000000000000067

-0.3619160077326929,0.028000000000000067

-0.3616720811924265,0.028000000000000067

-0.36140256376560714,0.028000000000000067

-0.36115971756035825,0.028000000000000067

-0.3608912793669044,0.028000000000000067

-0.3606495134792073,0.028000000000000067

-0.3603821545398431,0.028000000000000067

-0.36014146897621857,0.028000000000000067

-0.359875189313048,0.028000000000000067

-0.3596355840862943,0.027750000000000066

-0.3593703837118528,0.027750000000000066

-0.35913185882830395,0.027750000000000066

-0.3588677377387201,0.027750000000000066

-0.35863029319001843,0.027750000000000066

-0.3583672513616282,0.027750000000000066

-0.3581308871202754,0.027750000000000066

-0.35786892450882735,0.027750000000000066

-0.3576336405266861,0.027750000000000066

-0.3573727570684477,0.027750000000000066

-0.35713855327737737,0.027500000000000066

-0.35687874889141563,0.027500000000000066

-0.35662896220084184,0.027500000000000066

-0.3563554238565749,0.027500000000000066

-0.3561092480639074,0.027500000000000066

-0.3558376530036661,0.027500000000000066

-0.35559275027079384,0.027500000000000066

-0.35532217778053526,0.027500000000000066

-0.3550782254623769,0.027500000000000066

-0.35480859575724244,0.027500000000000066

-0.35456560116472824,0.027250000000000066

-0.3542969559216627,0.027250000000000066

-0.35405496478150267,0.027250000000000066

-0.3537873412754334,0.027250000000000066

-0.3535463851626103,0.027250000000000066

-0.353279808543102,0.027250000000000066

-0.35303990772048843,0.027250000000000066

-0.3527743932342969,0.027250000000000066

-0.35253555991117413,0.027250000000000066

-0.35227111634954306,0.027250000000000066

-0.35203335756781357,0.027000000000000066

-0.3517699897273669,0.027000000000000066

-0.35153330929622123,0.027000000000000066

-0.3512710195565111,0.027000000000000066

-0.3510354192932535,0.027000000000000066

-0.3507742086069718,0.027000000000000066

-0.3505396891317263,0.027000000000000066

-0.35027955764358065,0.027000000000000066

-0.3500461188901629,0.027000000000000066

-0.3497870663214045,0.027000000000000066

-0.3495547078647099,0.026750000000000065

-0.3492967337483664,0.026750000000000065

-0.3490168958446324,0.026750000000000065

-0.3487652573549989,0.026750000000000065

-0.348488481660671,0.026750000000000065

-0.34823848650241673,0.026750000000000065

-0.34796279731953644,0.026750000000000065

-0.34771371345743984,0.026750000000000065

-0.3474388931178349,0.026750000000000065

-0.3471906922454543,0.026750000000000065

-0.3469167969148046,0.026500000000000065

-0.3466209750390313,0.026500000000000065

-0.3463533130935955,0.026500000000000065

-0.3460604778415351,0.026500000000000065

-0.34579440242834675,0.026500000000000065

-0.3455026151284671,0.026500000000000065

-0.3452374220623724,0.026500000000000065

-0.34494649289790225,0.026500000000000065

-0.34468217763053843,0.026500000000000065

-0.34439216474323897,0.026500000000000065

-0.34412879821146297,0.026250000000000065

-0.34383976668486077,0.026250000000000065

-0.34357740443711693,0.026250000000000065

-0.343289397973932,0.026250000000000065

-0.34302807523152906,0.026250000000000065

-0.3427411200186438,0.026250000000000065

-0.3424808576056099,0.026250000000000065

-0.3421949684289183,0.026250000000000065

-0.3419357779941348,0.026250000000000065

-0.3416509626480098,0.026250000000000065

-0.3413928501795841,0.026000000000000065

-0.3411091122970778,0.026000000000000065

-0.3408520803723889,0.026000000000000065

-0.34056942119286016,0.026000000000000065

-0.340313470408157,0.026000000000000065

-0.34003188987048594,0.026000000000000065

-0.339777019746637,0.026000000000000065

-0.33949651715714396,0.026000000000000065

-0.33924272670745736,0.026000000000000065

-0.3389633011382944,0.026000000000000065

-0.33871058921521163,0.025750000000000065

-0.33843223973123304,0.025750000000000065

-0.3381806052272005,0.025750000000000065

-0.3379033310039075,0.025750000000000065

-0.33765277295629675,0.025750000000000065

-0.3373765733296687,0.025750000000000065

-0.33712709096365695,0.025750000000000065

-0.33685196543866364,0.025750000000000065

-0.3366035581714073,0.025750000000000065

-0.33632950640704923,0.025750000000000065

-0.3360821738293826,0.025500000000000064

-0.335809195612004,0.025500000000000064

-0.335562937458755,0.025500000000000064

-0.335291032671276,0.025500000000000064

-0.3350458487876392,0.025500000000000064

-0.3347750173794534,0.025500000000000064

-0.33453090768816474,0.025500000000000064

-0.3342611496484089,0.025500000000000064

-0.33401811412051996,0.025500000000000064

-0.33374942945611297,0.025500000000000064

-0.33350746808678344,0.025250000000000064

-0.33323985680558305,0.025250000000000064

-0.33299896959532854,0.025250000000000064

-0.3327324316942286,0.025250000000000064

-0.33249261863542584,0.025250000000000064

-0.3322271540928068,0.025250000000000064

-0.33198841516089195,0.025250000000000064

-0.33172402393268596,0.025250000000000064

-0.33148635908126645,0.025250000000000064

-0.33122304109982087,0.025250000000000064

-0.33098645025886475,0.025000000000000064

-0.3307242054338294,0.025000000000000064

-0.33048868851010815,0.025000000000000064

-0.33022751673067297,0.025000000000000064

-0.3299930736097337,0.025000000000000064

-0.3297329747476252,0.025000000000000064

-0.32949960529666367,0.025000000000000064

-0.3292405792094524,0.025000000000000064

-0.32900828328061904,0.025000000000000064

-0.3287503298149764,0.025000000000000064

-0.3285191072487104,0.024750000000000064

-0.3282622262434353,0.024750000000000064

-0.3279833870386635,0.024750000000000064

-0.3277327560097293,0.024750000000000064

-0.3274569427982936,0.024750000000000064

-0.327207944012283,0.024750000000000064

-0.3269332123425342,0.024750000000000064

-0.32668512264760186,0.024750000000000064

-0.32641125818431116,0.024750000000000064

-0.32616404934071813,0.024750000000000064

-0.3258911079709068,0.024500000000000063

-0.32559614657077124,0.024500000000000063

-0.3253293530371063,0.024500000000000063

-0.32503734665611284,0.024500000000000063

-0.3247721326196011,0.024500000000000063

-0.32448117193146353,0.024500000000000063

-0.3242168407208575,0.024500000000000063

-0.32392673931981564,0.024500000000000063

-0.3236632864638799,0.024500000000000063

-0.3233741019075568,0.024500000000000063

-0.32311159752361324,0.024250000000000063

-0.3228233941474317,0.024250000000000063

-0.32256189320340456,0.024250000000000063

-0.32227471416348163,0.024250000000000063

-0.32201425149693924,0.024250000000000063

-0.32172812254644817,0.024250000000000063

-0.32146871866584303,0.024250000000000063

-0.32118365418612665,0.024250000000000063

-0.3209253204172874,0.024250000000000063

-0.32064132778774695,0.024250000000000063

-0.3203840697586522,0.024000000000000063

-0.3201011521772115,0.024000000000000063

-0.3198449720656804,0.024000000000000063

-0.31956313032252376,0.024000000000000063

-0.3193080282971679,0.024000000000000063

-0.3190272618808616,0.024000000000000063

-0.318773237023603,0.024000000000000063

-0.3184935448035286,0.024000000000000063

-0.31824059569472574,0.024000000000000063

-0.31796197633262174,0.024000000000000063

-0.31771010141306666,0.023750000000000063

-0.3174325536003038,0.023750000000000063

-0.31718175138416027,0.023750000000000063

-0.3169052739668328,0.023750000000000063

-0.31665554315497674,0.023750000000000063

-0.3163801351875696,0.023750000000000063

-0.3161314747153368,0.023750000000000063

-0.31585713547009825,0.023750000000000063

-0.3156095445131322,0.023750000000000063

-0.3153362734634373,0.023750000000000063

-0.31508975141835244,0.023500000000000063

-0.3148175482083907,0.023500000000000063

-0.31457209465993413,0.023500000000000063

-0.3143009590688964,0.023500000000000063

-0.3140565737516079,0.023500000000000063

-0.31378650565765726,0.023500000000000063

-0.3135431884173399,0.023500000000000063

-0.31327418776461075,0.023500000000000063

-0.31303193852291783,0.023500000000000063

-0.3127640052932966,0.023500000000000063

-0.31252282401727144,0.023250000000000062

-0.31225595820766466,0.023250000000000062

-0.31201584488502937,0.023250000000000062

-0.3117500464901894,0.023250000000000062

-0.31151100111044905,0.023250000000000062

-0.3112462701109119,0.023250000000000062

-0.31100829265186963,0.023250000000000062

-0.3107446290063403,0.023250000000000062

-0.31050771942535127,0.023250000000000062

-0.31024512306674956,0.023250000000000062

-0.31000928129590855,0.023000000000000062

-0.3097477521302543,0.023000000000000062

-0.30951297807464784,0.023000000000000062

-0.3092525159820306,0.023000000000000062

-0.3090188095202856,0.023000000000000062

-0.30875941435720966,0.023000000000000062

-0.3085267753435858,0.023000000000000062

-0.3082684469461411,0.023000000000000062

-0.3080368752135952,0.023000000000000062

-0.30777961340099036,0.023000000000000062

-0.30754910876468416,0.022750000000000062

-0.3072929133428058,0.022750000000000062

-0.3070146719405539,0.022750000000000062

-0.30676463641141954,0.022750000000000062

-0.30648938485180255,0.022750000000000062

-0.3062409713707458,0.022750000000000062

-0.30596679598182075,0.022750000000000062

-0.30571928932626846,0.022750000000000062

-0.3054459785875712,0.022750000000000062

-0.3051993498348484,0.022750000000000062

-0.3049269593668556,0.02250000000000006

-0.3046324625022849,0.02250000000000006

-0.3043661305487804,0.02250000000000006

-0.30407455696589064,0.02250000000000006

-0.3038097981329768,0.02250000000000006

-0.3035192680165673,0.02250000000000006

-0.30325539271780816,0.02250000000000006

-0.3029657233119599,0.02250000000000006

-0.30270272720368424,0.02250000000000006

-0.30241397553299004,0.02250000000000006

-0.3021519279260736,0.02225000000000006

-0.3018641575792589,0.02225000000000006

-0.30160311286406477,0.02225000000000006

-0.30131636643022697,0.02225000000000006

-0.30105635904933387,0.02225000000000006

-0.30077066180618256,0.02225000000000006

-0.30051171192003934,0.02225000000000006

-0.30022707778065916,0.02225000000000006

-0.2999691963361162,0.02225000000000006

-0.29968563218115885,0.02225000000000006

-0.2994288243683123,0.02200000000000006

-0.29914633286034825,0.02200000000000006

-0.29889060036165754,0.02200000000000006

-0.29860918172934403,0.02200000000000006

-0.29835452417648445,0.02200000000000006

-0.2980741773379525,0.02200000000000006

-0.2978205932556938,0.02200000000000006

-0.2975413165195395,0.02200000000000006

-0.29728880393247353,0.02200000000000006

-0.29701059542612607,0.02200000000000006

-0.29675915223978144,0.02175000000000006

-0.29648201016038966,0.02175000000000006

-0.2962316343895582,0.02175000000000006

-0.29595555713893235,0.02175000000000006

-0.29570624703226106,0.02175000000000006

-0.2954312332766069,0.02175000000000006

-0.2951829873715213,0.02175000000000006

-0.2949090360533992,0.02175000000000006

-0.294661853185431,0.02175000000000006

-0.2943889635066818,0.02175000000000006

-0.2941428427904103,0.02150000000000006

-0.29387101417890293,0.02150000000000006

-0.29362595497275373,0.02150000000000006

-0.29335518704177294,0.02150000000000006

-0.29311118890529914,0.02150000000000006

-0.29284148141138105,0.02150000000000006

-0.2925985440608868,0.02150000000000006

-0.2923298968639207,0.02150000000000006

-0.29208802013032925,0.02150000000000006

-0.2918204331581301,0.02150000000000006

-0.29157961694940054,0.02125000000000006

-0.2913130901679071,0.02125000000000006

-0.2910733344372129,0.02125000000000006

-0.29080786782665186,0.02125000000000006

-0.29056917254676135,0.02125000000000006

-0.29030476608361183,0.02125000000000006

-0.29006713122727434,0.02125000000000006

-0.2898037848715085,0.02125000000000006

-0.2895672103974005,0.02125000000000006

-0.28930492408429387,0.02125000000000006

-0.2890694099277629,0.02100000000000006

-0.2888081835634606,0.02100000000000006

-0.28857372963127037,0.02100000000000006

-0.2883135630913184,0.02100000000000006

-0.288080169259577,0.02100000000000006

-0.2878210623896466,0.02100000000000006

-0.2875887285041138,0.02100000000000006

-0.28733068112225835,0.02100000000000006

-0.28709940700032344,0.02100000000000006

-0.28684241890018275,0.02100000000000006

-0.2866122043339495,0.02075000000000006

-0.2863562752884354,0.02075000000000006

-0.28611370511866624,0.02075000000000006

-0.28584685013924876,0.02075000000000006

-0.2856072755985918,0.02075000000000006

-0.2853421264063824,0.02075000000000006

-0.2851037580518065,0.02075000000000006

-0.28483962171127797,0.02075000000000006

-0.2846022119258831,0.02075000000000006

-0.2843390270022193,0.02075000000000006

-0.2841025791735961,0.02050000000000006

-0.2838403821917942,0.02050000000000006

-0.2836049356138435,0.02050000000000006

-0.28334375802289685,0.02050000000000006

-0.28310934008714495,0.02050000000000006

-0.2828492007063723,0.02050000000000006

-0.28261582676191827,0.02050000000000006

-0.2823567372804036,0.02050000000000006

-0.2821244167181627,0.02050000000000006

-0.2818663837531124,0.02050000000000006

-0.28163512188260165,0.02025000000000006

-0.28137814881475093,0.02025000000000006

-0.2811351463013974,0.02025000000000006

-0.2808677878514484,0.02025000000000006

-0.2806276842295545,0.02025000000000006

-0.28036200430381997,0.02025000000000006

-0.28012310485090947,0.02025000000000006

-0.27985844775724666,0.02025000000000006

-0.2796205199890513,0.02025000000000006

-0.27935682421225605,0.02025000000000006

-0.27911986838164893,0.02000000000000006

-0.2788571655874303,0.02000000000000006

-0.27862121578534604,0.02000000000000006

-0.27835953446927164,0.02000000000000006

-0.278124615118505,0.02000000000000006

-0.2778639726328639,0.02000000000000006

-0.27763009769936586,0.02000000000000006

-0.27737050453347684,0.02000000000000006

-0.2771376823090069,0.02000000000000006

-0.27687914423316534,0.02000000000000006

-0.2766473792254148,0.01975000000000006

-0.27638989904695954,0.01975000000000006

-0.27614315415814067,0.01975000000000006

-0.275872368938033,0.01975000000000006

-0.2756289612238933,0.01975000000000006

-0.2753600116513717,0.01975000000000006

-0.27511784561211783,0.01975000000000006

-0.27484990777549667,0.01975000000000006

-0.2746086893418801,0.01975000000000006

-0.2743416890158712,0.01975000000000006

-0.2741014210916223,0.01950000000000006

-0.27383539764780845,0.01950000000000006

-0.27359612273612693,0.01950000000000006

-0.27333111030765755,0.01950000000000006

-0.27309285745504003,0.01950000000000006

-0.27282887848935516,0.01950000000000006

-0.2725916658200599,0.01950000000000006

-0.272328733775217,0.01950000000000006

-0.2720925720548608,0.01950000000000006

-0.27183069436784796,0.01950000000000006

-0.27159558950501766,0.01925000000000006

-0.2713347698200034,0.01925000000000006

-0.2711007246135755,0.01925000000000006

-0.2708409642443358,0.01925000000000006

-0.27060797953696863,0.01925000000000006

-0.27034927840703793,0.01925000000000006

-0.2701173538474372,0.01925000000000006

-0.2698597110942773,0.01925000000000006

-0.2696288456445511,0.01925000000000006

-0.2693722600073202,0.01925000000000006

-0.26914245228072614,0.01900000000000006

-0.2688869211278953,0.01900000000000006

-0.2686092016024924,0.01900000000000006

-0.2683596540943562,0.01900000000000006

-0.268084860894406,0.01900000000000006

-0.2678369213695632,0.01900000000000006

-0.26756319502652326,0.01900000000000006

-0.26731615953620685,0.01900000000000006

-0.2670432958715173,0.01900000000000006

-0.2667971357887809,0.01900000000000006

-0.2665251873959132,0.01875000000000006

-0.26623099347399226,0.01875000000000006

-0.26596492957617834,0.01875000000000006

-0.2656736038419102,0.01875000000000006

-0.2654091062180722,0.01875000000000006

-0.2651188219946986,0.01875000000000006

-0.26485521187850497,0.01875000000000006

-0.2645657938416159,0.01875000000000006

-0.26430306733541614,0.01875000000000006

-0.26401457171304776,0.01875000000000006

-0.263752796722617,0.018500000000000058

-0.26346528572178834,0.018500000000000058

-0.26320451557681124,0.018500000000000058

-0.26291803063469793,0.018500000000000058

-0.2626582989732503,0.018500000000000058

-0.2623728642934265,0.018500000000000058

-0.26211419046589585,0.018500000000000058

-0.2618298188147059,0.018500000000000058

-0.2615722128093586,0.018500000000000058

-0.2612889097900361,0.018500000000000058

-0.261032375649475,0.018250000000000058

-0.2607501425207151,0.018250000000000058

-0.2604946806097899,0.018250000000000058

-0.2602135161055645,0.018250000000000058

-0.25995912461498205,0.018250000000000058

-0.2596790261154322,0.018250000000000058

-0.25942570206148013,0.018250000000000058

-0.2591466663422146,0.018250000000000058

-0.25889440622809734,0.018250000000000058

-0.2586164299318625,0.018250000000000058

-0.25836523017691626,0.018000000000000058

-0.2580883101001989,0.018000000000000058

-0.25783816730757797,0.018000000000000058

-0.2575623005627246,0.018000000000000058

-0.25731321167401333,0.018000000000000058

-0.25703839576769416,0.018000000000000058

-0.25679035813882733,0.018000000000000058

-0.2565165909948675,0.018000000000000058

-0.25626960241815955,0.018000000000000058

-0.25599688160224765,0.018000000000000058

-0.25575093954601325,0.017750000000000057

-0.25547926346361594,0.017750000000000057

-0.25523436620291895,0.017750000000000057

-0.2549637339531166,0.017750000000000057

-0.25471988049021616,0.017750000000000057

-0.2544502915039178,0.017750000000000057

-0.2542074812115515,0.017750000000000057

-0.2539389351584827,0.017750000000000057

-0.25369716766533973,0.017750000000000057

-0.2534296643686711,0.017750000000000057

-0.25318893946809895,0.017500000000000057

-0.25292247882928165,0.017500000000000057

-0.25268279640172975,0.017500000000000057

-0.25241737834042816,0.017500000000000057

-0.2521787382915266,0.017500000000000057

-0.2519143627019005,0.017500000000000057

-0.25167676491690233,0.017500000000000057

-0.2514134316394118,0.017500000000000057

-0.25117687595332594,0.017500000000000057

-0.25091458476032713,0.017500000000000057

-0.2506790709420738,0.017250000000000057

-0.2504178215343227,0.017250000000000057

-0.2501833492821248,0.017250000000000057

-0.2499231412934014,0.017250000000000057

-0.24968971023859654,0.017250000000000057

-0.24943054324521413,0.017250000000000057

-0.249198152961248,0.017250000000000057

-0.24894002649405864,0.017250000000000057

-0.24870867650824302,0.017250000000000057

-0.24845159006534684,0.017250000000000057

-0.24822127987146486,0.017000000000000057

-0.24796523292984482,0.017000000000000057

-0.2477359619998752,0.017000000000000057

-0.24748095402512624,0.017000000000000057

-0.24725272181910096,0.017000000000000057

-0.24699875227340148,0.017000000000000057

-0.24677155824752142,0.017000000000000057

-0.2465186265946025,0.017000000000000057

-0.2462924702064208,0.017000000000000057

-0.2460405759149459,0.017000000000000057

-0.2458154566269044,0.016750000000000057

-0.24556459917187723,0.016750000000000057

-0.24529148110021531,0.016750000000000057

-0.24504649532953574,0.016750000000000057

-0.24477626413766695,0.016750000000000057

-0.2445328780221657,0.016750000000000057

-0.2442637086515174,0.016750000000000057

-0.2440212256101133,0.016750000000000057

-0.2437529272383295,0.016750000000000057

-0.24351132722776855,0.016750000000000057

-0.24324394687390102,0.016500000000000056

-0.24295424909365013,0.016500000000000056

-0.24269264051293316,0.016500000000000056

-0.24240578560183004,0.016500000000000056

-0.24214574766996871,0.016500000000000056

-0.2418599410649031,0.016500000000000056

-0.2416008009771236,0.016500000000000056

-0.24131586997038548,0.016500000000000056

-0.24105762257922272,0.016500000000000056

-0.2407736235183907,0.016500000000000056

-0.24051633619808852,0.016250000000000056

-0.2402333303947023,0.016250000000000056

-0.23997705574960565,0.016250000000000056

-0.23969508359428168,0.016250000000000056

-0.23943985446174504,0.016250000000000056

-0.23915893900332852,0.016250000000000056

-0.23890477377282235,0.016250000000000056

-0.2386249264775705,0.016250000000000056

-0.23837183397371728,0.016250000000000056

-0.23809305899954927,0.016250000000000056

-0.2378410419106239,0.016000000000000056

-0.23756333895718026,0.016000000000000056

-0.23731239614602773,0.016000000000000056

-0.23703576232000326,0.016000000000000056

-0.23678589038225115,0.016000000000000056

-0.23651032141614914,0.016000000000000056

-0.2362615157346067,0.016000000000000056

-0.23598700677987486,0.016000000000000056

-0.23573926223479091,0.016000000000000056

-0.23546580837054118,0.016000000000000056

-0.2352191198096002,0.015750000000000056

-0.23494671635851577,0.015750000000000056

-0.234701078896608,0.015750000000000056

-0.2344297216088063,0.015750000000000056

-0.23418513080644177,0.015750000000000056

-0.2339148126290107,0.015750000000000056

-0.2336712613464223,0.015750000000000056

-0.23340197778886615,0.015750000000000056

-0.23315946123616932,0.015750000000000056

-0.2328912093508245,0.015750000000000056

-0.23264972437330647,0.015500000000000055

-0.2323825021027596,0.015500000000000055

-0.2321420465155291,0.015500000000000055

-0.23187585256330154,0.015500000000000055

-0.23163642497397532,0.015500000000000055

-0.23137125865071195,0.015500000000000055

-0.231132858295222,0.015500000000000055

-0.2308687193539156,0.015500000000000055

-0.23063134592939719,0.015500000000000055

-0.2303682344066366,0.015500000000000055

-0.23013188791085276,0.015250000000000055

-0.2298698039876406,0.015250000000000055

-0.22963448457728455,0.015250000000000055

-0.22937342846562994,0.015250000000000055

-0.2291391363399137,0.015250000000000055

-0.22887910819908727,0.015250000000000055

-0.22864584351288728,0.015250000000000055

-0.22838684339431972,0.015250000000000055

-0.22815460620018135,0.015250000000000055

-0.22789663401791146,0.015250000000000055

-0.2276654242340293,0.015000000000000055

-0.22740847975601866,0.015000000000000055

-0.2271782971555894,0.015000000000000055

-0.22692238001053597,0.015000000000000055

-0.22669322422716337,0.015000000000000055

-0.22643833392186022,0.015000000000000055

-0.22621020446596163,0.015000000000000055

-0.22595634040844598,0.015000000000000055

-0.2257292366899388,0.015000000000000055

-0.22547639821446325,0.015000000000000055

-0.2252503195675725,0.014750000000000055

-0.22499850595877338,0.014750000000000055

-0.22472437639922213,0.014750000000000055

-0.2244783311154167,0.014750000000000055

-0.2242070584477489,0.014750000000000055

-0.223962610636384,0.014750000000000055

-0.22369239824443174,0.014750000000000055

-0.22344885581644017,0.014750000000000055

-0.22317951870460137,0.014750000000000055

-0.22293686323733775,0.014750000000000055

-0.22266844743268563,0.014750000000000055

-0.2224267375324871,0.014500000000000055

-0.22215929913275378,0.014500000000000055

-0.22191858333157363,0.014500000000000055

-0.22165216088342277,0.014500000000000055

-0.22141247088141175,0.014500000000000055

-0.2211470875263062,0.014500000000000055

-0.2209084422529505,0.014500000000000055

-0.22064411055150565,0.014500000000000055

-0.22040652023076873,0.014500000000000055

-0.2201432458568095,0.014500000000000055

-0.21990671491886374,0.014250000000000054

-0.21964449915910755,0.014250000000000054

-0.2194090282332605,0.014250000000000054

-0.21914786964932867,0.014250000000000054

-0.21891345693501493,0.014250000000000054

-0.2186533524732187,0.014250000000000054

-0.21841999469340384,0.014250000000000054

-0.21816094042943632,0.014250000000000054

-0.21792863349650482,0.014250000000000054

-0.21767062513456267,0.014250000000000054

-0.21743936461295582,0.014000000000000054

-0.2171823956853471,0.014000000000000054

-0.2169521750394296,0.014000000000000054

-0.2166962356332607,0.014000000000000054

-0.2164670448809025,0.014000000000000054

-0.21621212921023325,0.014000000000000054

-0.21598396218971871,0.014000000000000054

-0.21573006556630892,0.014000000000000054

-0.2155029173994669,0.014000000000000054

-0.21525003622103864,0.014000000000000054

-0.21502390316889783,0.013750000000000054

-0.2147720348666761,0.013750000000000054

-0.21449782671204282,0.013750000000000054

-0.21425167440039286,0.013750000000000054

-0.2139803092531077,0.013750000000000054

-0.21373575453341512,0.013750000000000054

-0.2134654485707004,0.013750000000000054

-0.2132218002462805,0.013750000000000054

-0.21295237002919915,0.013750000000000054

-0.21270960911929418,0.013750000000000054

-0.21244110120468807,0.013500000000000054

-0.21215019670233182,0.013500000000000054

-0.211887302951211,0.013500000000000054

-0.21159920432853788,0.013500000000000054

-0.2113378862228788,0.013500000000000054

-0.21105086588624208,0.013500000000000054

-0.2107904775434656,0.013500000000000054

-0.21050436240164458,0.013500000000000054

-0.21024489523840129,0.013500000000000054

-0.20995974158703135,0.013500000000000054

-0.2097012626373841,0.013250000000000053

-0.20941713232558115,0.013250000000000053

-0.20915969484177435,0.013250000000000053

-0.2088766283005581,0.013250000000000053

-0.20862026544804835,0.013250000000000053

-0.2083382848215867,0.013250000000000053

-0.20808301443181698,0.013250000000000053

-0.20780212924143637,0.013250000000000053

-0.20754795852467742,0.013250000000000053

-0.20726817003776843,0.013250000000000053

-0.20701509906737528,0.013000000000000053

-0.2067364033314133,0.013000000000000053

-0.20648442752506674,0.013000000000000053

-0.20620681744901911,0.013000000000000053

-0.20595592934390763,0.013000000000000053

-0.20567939613325353,0.013000000000000053

-0.2054295866646367,0.013000000000000053

-0.20515412224437096,0.013000000000000053

-0.20490538287182103,0.013000000000000053

-0.20463097885312906,0.013000000000000053

-0.2043833009085024,0.012750000000000053

-0.20410994922387038,0.012750000000000053

-0.20386332440873198,0.012750000000000053

-0.20359101763366605,0.012750000000000053

-0.2033454383015531,0.012750000000000053

-0.2030741698001773,0.012750000000000053

-0.20282962910027252,0.012750000000000053

-0.2025593890885496,0.012750000000000053

-0.20231587716351848,0.012750000000000053

-0.2020466579032772,0.012750000000000053

-0.20180416670830884,0.012500000000000053

-0.20153596311438157,0.012500000000000053

-0.2012944872679515,0.012500000000000053

-0.2010272955678154,0.012500000000000053

-0.20078683111690587,0.012500000000000053

-0.2005206487122622,0.012500000000000053

-0.20028119291994745,0.012500000000000053

-0.20001601821843798,0.012500000000000053

-0.19977756937932203,0.012500000000000053

-0.1995134015944747,0.012500000000000053

-0.1992759588324111,0.012250000000000053

-0.19901279777189476,0.012250000000000053

-0.19877636082755937,0.012250000000000053

-0.19851420668913938,0.012250000000000053

-0.19827877571420202,0.012250000000000053

-0.1980176289028314,0.012250000000000053

-0.19778320427429008,0.012250000000000053

-0.19752306525058178,0.012250000000000053

-0.19728964741576896,0.012250000000000053

-0.1970305165782638,0.012250000000000053

-0.19679810593355831,0.012000000000000052

-0.1965399835364506,0.012000000000000052

-0.19630858034157572,0.012000000000000052

-0.19605146644493415,0.012000000000000052

-0.1958210707700852,0.012000000000000052

-0.19556496521731237,0.012000000000000052

-0.19533557691811304,0.012000000000000052

-0.19508047933619455,0.012000000000000052

-0.194852098051968,0.012000000000000052

-0.19459800786792075,0.012000000000000052

-0.19437063303671845,0.011750000000000052

-0.19411754950486357,0.011750000000000052

-0.19389118038984196,0.011750000000000052

-0.1936391026245576,0.011750000000000052

-0.19341373834630476,0.011750000000000052

-0.19316266535721918,0.011750000000000052

-0.1929383049288211,0.011750000000000052

-0.19268823565356127,0.011750000000000052

-0.1924648780135522,0.011750000000000052

-0.1922158113474798,0.011750000000000052

-0.19199345538991183,0.011500000000000052

-0.19174539020746448,0.011500000000000052

-0.19147493908856322,0.011500000000000052

-0.19123246742914624,0.011500000000000052

-0.19096483986657575,0.011500000000000052

-0.19072397708765076,0.011500000000000052

-0.19045741991068255,0.011500000000000052

-0.19021747888759835,0.011500000000000052

-0.18995181305143424,0.011500000000000052

-0.189712774829625,0.011500000000000052

-0.18944804909677432,0.011250000000000052

-0.18916087853835573,0.011250000000000052

-0.18890164004029394,0.011250000000000052

-0.1886172278253764,0.011250000000000052

-0.18835955399522544,0.011250000000000052

-0.18807625491927277,0.011250000000000052

-0.18781954452301924,0.011250000000000052

-0.18753718181844894,0.011250000000000052

-0.1872814220862108,0.011250000000000052

-0.18700003909515236,0.011250000000000052

-0.18674528622420108,0.011000000000000051

-0.18646493594156863,0.011000000000000051

-0.18621123480000792,0.011000000000000051

-0.1859319534257666,0.011000000000000051

-0.18567933250629917,0.011000000000000051

-0.18540114218542572,0.011000000000000051

-0.18514961857092527,0.011000000000000051

-0.18487253244033974,0.011000000000000051

-0.18462211620688865,0.011000000000000051

-0.18434614199822816,0.011000000000000051

-0.18409683907126898,0.010750000000000051

-0.18382198133717856,0.010750000000000051

-0.18357379521038192,0.010750000000000051

-0.18330005664413415,0.010750000000000051

-0.18305298938922246,0.010750000000000051

-0.18278037159587576,0.010750000000000051

-0.18253442445091012,0.010750000000000051

-0.18226292839587313,0.010750000000000051

-0.18201810210741254,0.010750000000000051

-0.18174771878850227,0.010750000000000051

-0.18150400553879198,0.010500000000000051

-0.18123472320011175,0.010500000000000051

-0.1809921119783642,0.010500000000000051

-0.18072392015723387,0.010500000000000051

-0.18048240047372557,0.010500000000000051

-0.18021528840738515,0.010500000000000051

-0.17997484941205558,0.010500000000000051

-0.1797088062685816,0.010500000000000051

-0.17946943703287635,0.010500000000000051

-0.17920445372985896,0.010500000000000051

-0.17896614483298226,0.01025000000000005

-0.17870221242909504,0.01025000000000005

-0.1784649547629141,0.01025000000000005

-0.17820206490459226,0.01025000000000005

-0.17796584997461626,0.01025000000000005

-0.17770399507038542,0.01025000000000005

-0.17746881513574564,0.01025000000000005

-0.1772079883773598,0.01025000000000005

-0.1769738364754547,0.01025000000000005

-0.1767140252091018,0.01025000000000005

-0.1764808887795469,0.01000000000000005

-0.17622208561798544,0.01000000000000005

-0.17598995685980598,0.01000000000000005

-0.17573215576042028,0.01000000000000005

-0.175501028417796,0.01000000000000005

-0.1752442246038653,0.01000000000000005

-0.17501409374556723,0.01000000000000005

-0.1747582836471472,0.01000000000000005

-0.17452914557076707,0.01000000000000005

-0.17427432670757972,0.01000000000000005

-0.17404617881791118,0.00975000000000005

-0.17379234963827903,0.00975000000000005

-0.17356519028760825,0.00975000000000005

-0.17331234998154998,0.00975000000000005

-0.1730861782838942,0.00975000000000005

-0.17283432658904516,0.00975000000000005

-0.17260914222577364,0.00975000000000005

-0.172358279240769,0.00975000000000005

-0.17213408227248375,0.00975000000000005

-0.17188420828908055,0.00975000000000005

-0.17166099898538034,0.00950000000000005

-0.171412114346984,0.00950000000000005

-0.17114081384206492,0.00950000000000005

-0.17089741105437745,0.00950000000000005

-0.17062889727428363,0.00950000000000005

-0.1703870973677951,0.00950000000000005

-0.17011968294721175,0.00950000000000005

-0.16987883340653392,0.00950000000000005

-0.169612338486384,0.00950000000000005

-0.16937241859817656,0.00950000000000005

-0.16910689506462995,0.00925000000000005

-0.1688188918661941,0.00925000000000005

-0.16855873535059115,0.00925000000000005

-0.16827344516961798,0.00925000000000005

-0.16801484266953487,0.00925000000000005

-0.1677306679605337,0.00925000000000005

-0.167473034584709,0.00925000000000005

-0.16718980265468342,0.00925000000000005

-0.16693312529676085,0.00925000000000005

-0.16665087782486598,0.00925000000000005

-0.16639521084601303,0.00900000000000005

-0.16611399921384748,0.00900000000000005

-0.1658593861678689,0.00900000000000005

-0.16557924553387976,0.00900000000000005

-0.16532571410786176,0.00900000000000005

-0.16504666599777257,0.00900000000000005

-0.16479423280135339,0.00900000000000005

-0.1645162899894353,0.00900000000000005

-0.16426496482189284,0.00900000000000005

-0.16398813482673044,0.00900000000000005

-0.16373792345043148,0.00875000000000005

-0.16346221069785574,0.00875000000000005

-0.16321311650889192,0.00875000000000005

-0.1629385236151054,0.00875000000000005

-0.1626905486254804,0.00875000000000005

-0.16241707714732978,0.00875000000000005

-0.1621702225575034,0.00875000000000005

-0.16189787342918044,0.00875000000000005

-0.16165213996125843,0.00875000000000005

-0.16138091374865168,0.00875000000000005

-0.16113630184071756,0.00850000000000005

-0.1608661988901126,0.00850000000000005

-0.1606227088103033,0.00850000000000005

-0.16035372933607575,0.00850000000000005

-0.16011136125012465,0.00850000000000005

-0.15984350538692604,0.00850000000000005

-0.15960225939860162,0.00850000000000005

-0.15933552723277492,0.00850000000000005

-0.15909540340836217,0.00850000000000005

-0.15882979499703098,0.00850000000000005

-0.1585907933802111,0.008250000000000049

-0.15832630876295642,0.008250000000000049

-0.15808842938396409,0.008250000000000049

-0.15782506858994588,0.008250000000000049

-0.15758831147114094,0.008250000000000049

-0.15732607452346076,0.008250000000000049

-0.15709043968266825,0.008250000000000049

-0.15682932660095797,0.008250000000000049

-0.15659481405351827,0.008250000000000049

-0.15633482485549297,0.008250000000000049

-0.15610143461540452,0.008000000000000049

-0.1558425693177459,0.008000000000000049

-0.1556103013983503,0.008000000000000049

-0.1553525553917096,0.008000000000000049

-0.1551214057917336,0.008000000000000049

-0.15486476859998125,0.008000000000000049

-0.15463472783475535,0.008000000000000049

-0.15437919052489177,0.008000000000000049

-0.1541502497749338,0.008000000000000049

-0.15389580296052963,0.008000000000000049

-0.15366795285770504,0.0077500000000000485

-0.15341458678043265,0.0077500000000000485

-0.15318781756786115,0.0077500000000000485

-0.1529355223547803,0.0077500000000000485

-0.15270982413686396,0.0077500000000000485

-0.152458590041009,0.0077500000000000485

-0.15223395301894402,0.0077500000000000485

-0.15198377151013165,0.0077500000000000485

-0.15176018695014534,0.0077500000000000485

-0.15151105028921485,0.0077500000000000485

-0.15128851026301451,0.007500000000000048

-0.15104041116456365,0.007500000000000048

-0.15076986972195738,0.007500000000000048

-0.15052712766095586,0.007500000000000048

-0.15025932648604656,0.007500000000000048

-0.15001817691401415,0.007500000000000048

-0.1497515280148764,0.007500000000000048

-0.14951137838729367,0.007500000000000048

-0.1492456972305627,0.007500000000000048

-0.14900652302850337,0.007500000000000048

-0.14874184165617516,0.007250000000000048

-0.1484546571446168,0.007250000000000048

-0.14819521973265878,0.007250000000000048

-0.14791070215939067,0.007250000000000048

-0.14765280834205396,0.007250000000000048

-0.14736940916512598,0.007250000000000048

-0.14711249077525423,0.007250000000000048

-0.14683004133796707,0.007250000000000048

-0.14657408473674918,0.007250000000000048

-0.14629262485610292,0.007250000000000048

-0.1460376823982661,0.007000000000000048

-0.14575726166985017,0.007000000000000048

-0.1455033754516206,0.007000000000000048

-0.14522402789049796,0.007000000000000048

-0.14497122471305945,0.007000000000000048

-0.14469297116244526,0.007000000000000048

-0.14444126711283564,0.007000000000000048

-0.14416411994574418,0.007000000000000048

-0.1439135245164985,0.007000000000000048

-0.14363749101498355,0.007000000000000048

-0.14338800978724703,0.006750000000000048

-0.14311309423608345,0.006750000000000048

-0.14286473049739587,0.006750000000000048

-0.14259093542702098,0.006750000000000048

-0.14234369112299103,0.006750000000000048

-0.14207101803668865,0.006750000000000048

-0.14182489432610965,0.006750000000000048

-0.14155334412351409,0.006750000000000048

-0.14130834170144554,0.006750000000000048

-0.14103791492521964,0.006750000000000048

-0.14079403421156697,0.006500000000000047

-0.14052473119168196,0.006500000000000047

-0.14028197244180488,0.006500000000000047

-0.14001379338056397,0.006500000000000047

-0.13977215675075935,0.006500000000000047

-0.13950510177337472,0.006500000000000047

-0.13926458736004832,0.006500000000000047

-0.13899865654504825,0.006500000000000047

-0.13875926440836078,0.006500000000000047

-0.13849445780601813,0.006500000000000047

-0.13825618798428377,0.006250000000000047

-0.13799250562786786,0.006250000000000047

-0.13775535814637357,0.006250000000000047

-0.13749280005904466,0.006250000000000047

-0.13725677493537142,0.006250000000000047

-0.1369953411343595,0.006250000000000047

-0.1367604383816653,0.006250000000000047

-0.136500128880742,0.006250000000000047

-0.13626634850968233,0.006250000000000047

-0.13600716332070123,0.006250000000000047

-0.13577450534055724,0.006000000000000047

-0.135516444474264,0.006000000000000047

-0.13528490889358916,0.006000000000000047

-0.13502797236013356,0.006000000000000047

-0.13479755918712225,0.006000000000000047

-0.1345417469963157,0.006000000000000047

-0.13431245623898394,0.006000000000000047

-0.13405776840043238,0.006000000000000047

-0.13382960006671688,0.006000000000000047

-0.1335760365899051,0.006000000000000047

-0.1333489906877459,0.005750000000000047

-0.13309655157860253,0.005750000000000047

-0.132870628118362,0.005750000000000047

-0.13261931339435185,0.005750000000000047

-0.13239451237962593,0.005750000000000047

-0.1321443220443319,0.005750000000000047

-0.13192064348459298,0.005750000000000047

-0.13167157754809197,0.005750000000000047

-0.13144902145179385,0.005750000000000047

-0.13120107992347535,0.005750000000000047

-0.1309796462988071,0.0055000000000000465

-0.13073282918789292,0.0055000000000000465

-0.13046354602468552,0.0055000000000000465

-0.13022194443265148,0.0055000000000000465

-0.1299553476100659,0.0055000000000000465

-0.12971532577831457,0.0055000000000000465

-0.12944988419119283,0.0055000000000000465

-0.129210869471062,0.0055000000000000465

-0.128946403593203,0.0055000000000000465

-0.12870837099450855,0.0055000000000000465

-0.12844491071681458,0.005250000000000046

-0.12815894164101654,0.005250000000000046

-0.1279006072599523,0.005250000000000046

-0.12761726019928915,0.005250000000000046

-0.12736045851361513,0.005250000000000046

-0.1270782317487689,0.005250000000000046

-0.1268224106807517,0.005250000000000046

-0.1265411396016588,0.005250000000000046

-0.12628628522257793,0.005250000000000046

-0.12600600804608578,0.005250000000000046

-0.12575217093402652,0.005000000000000046

-0.12547293569251985,0.005000000000000046

-0.12522015666993244,0.005000000000000046

-0.12494199636788475,0.005000000000000046

-0.12469030145366904,0.005000000000000046

-0.12441323633151326,0.005000000000000046

-0.12416264115083898,0.005000000000000046

-0.12388668322580425,0.005000000000000046

-0.12363719699822928,0.005000000000000046

-0.12336235334037018,0.005000000000000046

-0.1231139814833519,0.004750000000000046

-0.12284025624846552,0.004750000000000046

-0.12259300194907356,0.004750000000000046

-0.12232039758676348,0.004750000000000046

-0.12207426272694503,0.004750000000000046

-0.12180278068785871,0.004750000000000046

-0.12155776638441407,0.004750000000000046

-0.12128740753226035,0.004750000000000046

-0.1210435144512588,0.004750000000000046

-0.12077427930289968,0.004750000000000046

-0.12053150784313905,0.004500000000000046

-0.12026339670893907,0.004500000000000046

-0.12002174710955214,0.004500000000000046

-0.11975476017603176,0.004500000000000046

-0.11951423258010462,0.004500000000000046

-0.11924836995908875,0.004500000000000046

-0.1190089644516753,0.004500000000000046

-0.11874422620973057,0.004500000000000046

-0.11850594284079186,0.004500000000000046

-0.11824232901710702,0.004500000000000046

-0.11800516781540309,0.004250000000000045

-0.11774267842916962,0.004250000000000045

-0.11750663941322,0.004250000000000045

-0.11724527448548829,0.004250000000000045

-0.11701035765951215,0.004250000000000045

-0.11675011719152702,0.004250000000000045

-0.11651632256120481,0.004250000000000045

-0.11625720655742058,0.004250000000000045

-0.11602453412487142,0.004250000000000045

-0.11576654258711377,0.004250000000000045

-0.11553499235273797,0.004000000000000045

-0.11527812528156699,0.004000000000000045

-0.11504769724491608,0.004000000000000045

-0.11479195464016485,0.004000000000000045

-0.11456264880036704,0.004000000000000045

-0.1143080306579578,0.004000000000000045

-0.1140798470163118,0.004000000000000045

-0.11382635334364594,0.004000000000000045

-0.11359929189448568,0.004000000000000045

-0.1133469226847606,0.004000000000000045

-0.11312098342819926,0.003750000000000045

-0.11286973868106323,0.003750000000000045

-0.11264492161608966,0.003750000000000045

-0.11239480133040908,0.003750000000000045

-0.11217110645564474,0.003750000000000045

-0.11192211063002527,0.003750000000000045

-0.11169953794401535,0.003750000000000045

-0.11145166657337884,0.003750000000000045

-0.11123021607707453,0.003750000000000045

-0.11098346916802262,0.003750000000000045

-0.1107631408555104,0.0035000000000000447

-0.11051751840050733,0.0035000000000000447

-0.11024943300685953,0.0035000000000000447

-0.11000900602858069,0.0035000000000000447

-0.10974364914345797,0.0035000000000000447

-0.10950476919433667,0.0035000000000000447

-0.10924055915211878,0.0035000000000000447

-0.10900268753261234,0.0035000000000000447

-0.10873945799234415,0.0035000000000000447

-0.1085025733773617,0.0035000000000000447

-0.10824035409477818,0.0032500000000000445

-0.10795563220222344,0.0032500000000000445

-0.10769873306943172,0.0032500000000000445

-0.10741686308227316,0.0032500000000000445

-0.10716170577816377,0.0032500000000000445

-0.10688117646460052,0.0032500000000000445

-0.10662722466185329,0.0032500000000000445

-0.10634787849693723,0.0032500000000000445

-0.10609516242194746,0.0032500000000000445

-0.1058170751138998,0.0032500000000000445

-0.10556564011666955,0.0030000000000000443

-0.10528885815246951,0.0030000000000000443

-0.10503874552458363,0.0030000000000000443

-0.1047633032443491,0.0030000000000000443

-0.10451454062067791,0.0030000000000000443

-0.1042404599119765,0.0030000000000000443

-0.10399306450730662,0.0030000000000000443

-0.10372035888758742,0.0030000000000000443

-0.10347434134288226,0.0030000000000000443

-0.1032030192257865,0.0030000000000000443

-0.10295838624907762,0.002750000000000044

-0.10268845302831188,0.002750000000000044

-0.10244520901519354,0.002750000000000044

-0.10217666831563912,0.002750000000000044

-0.10193481630989382,0.002750000000000044

-0.10166767072350645,0.002750000000000044

-0.10142721297953444,0.002750000000000044

-0.10116146449497494,0.002750000000000044

-0.10092240280571303,0.002750000000000044

-0.10065805305859021,0.002750000000000044

-0.10042038894664965,0.002500000000000044

-0.10015743936560437,0.002500000000000044

-0.09992117419504894,0.002500000000000044

-0.09965962608732021,0.002500000000000044

-0.09942476112945048,0.002500000000000044

-0.09916461573143598,0.002500000000000044

-0.09893115220377342,0.002500000000000044

-0.09867241070749277,0.002500000000000044

-0.09844034979972949,0.002500000000000044

-0.09818301338702591,0.002500000000000044

-0.09795235626542743,0.0022500000000000436

-0.09769642609175623,0.0022500000000000436

-0.09746717392098159,0.0022500000000000436

-0.09721265114384524,0.0022500000000000436

-0.09698480296676512,0.0022500000000000436

-0.09673168688130013,0.0022500000000000436

-0.09650522902282567,0.0022500000000000436

-0.09625350758419218,0.0022500000000000436

-0.09602842898001021,0.0022500000000000436

-0.09577809135609966,0.0022500000000000436

-0.09555437995104943,0.0020000000000000434

-0.09530541418569002,0.0020000000000000434

-0.09508305695378956,0.0020000000000000434

-0.09483545009593324,0.0020000000000000434

-0.09461443153470218,0.0020000000000000434

-0.094368168360678,0.0020000000000000434

-0.09414847231021423,0.0020000000000000434

-0.09390353679407744,0.0020000000000000434

-0.09368514694053182,0.0020000000000000434

-0.09344152278627879,0.0020000000000000434

-0.09322442279231788,0.0017500000000000432

-0.09298209363290486,0.0017500000000000432

-0.0927173065543831,0.0017500000000000432

-0.09248030617816146,0.0017500000000000432

-0.09221842877454822,0.0017500000000000432

-0.09198328320126972,0.0017500000000000432

-0.0917228549100936,0.0017500000000000432

-0.09148901683523131,0.0017500000000000432

-0.09122986631087328,0.0017500000000000432

-0.0909973128109139,0.0017500000000000432

-0.09073947008751991,0.001500000000000043

-0.09045912291951105,0.001500000000000043

-0.09020651738043274,0.001500000000000043

-0.08992902090966026,0.001500000000000043

-0.08967823198487186,0.001500000000000043

-0.08940215953697478,0.001500000000000043

-0.08915266127309592,0.001500000000000043

-0.08887785567694642,0.001500000000000043

-0.08862963501019998,0.001500000000000043

-0.08835613339264989,0.001500000000000043

-0.08810923958226471,0.0012500000000000427

-0.08783708898631151,0.0012500000000000427

-0.08759156229846853,0.0012500000000000427

-0.08732079557257089,0.0012500000000000427

-0.0870766622028338,0.0012500000000000427

-0.0868073000191272,0.0012500000000000427

-0.08656457622772697,0.0012500000000000427

-0.08629663137969323,0.0012500000000000427

-0.08605532728881339,0.0012500000000000427

-0.0857888078341389,0.0012500000000000427

-0.08554892990894862,0.0010000000000000425

-0.08528384109199473,0.0010000000000000425

-0.08504539366154851,0.0010000000000000425

-0.08478173909537652,0.0010000000000000425

-0.08454472523597346,0.0010000000000000425

-0.0842825075762891,0.0010000000000000425

-0.08404692963259608,0.0010000000000000425

-0.08378615097191756,0.0010000000000000425

-0.08355201086310984,0.0010000000000000425

-0.08329267297873119,0.0010000000000000425

-0.08305997236570183,0.0007500000000000423

-0.0828020768274412,0.0007500000000000423

-0.08257081722959532,0.0007500000000000423

-0.08231436550112277,0.0007500000000000423

-0.08208454835019555,0.0007500000000000423

-0.081829541828265,0.0007500000000000423

-0.08160116850526464,0.0007500000000000423

-0.08134760854819208,0.0007500000000000423

-0.08112068040541395,0.0007500000000000423

-0.08086856834630528,0.0007500000000000423

-0.08064308672307458,0.0005000000000000421

-0.08039242389648128,0.0005000000000000421

-0.08016839011731607,0.0005000000000000421

-0.07991917783772769,0.0005000000000000421

-0.07969659323055961,0.0005000000000000421

-0.07944883281836403,0.0005000000000000421

-0.07922769871022205,0.0005000000000000421

-0.07898139148614992,0.0005000000000000421

-0.07876170920567356,0.0005000000000000421

-0.078516856488909,0.0005000000000000421

-0.07829862737020779,0.00025000000000004186

-0.07805523049573157,0.00025000000000004186

-0.07778938927857235,0.00025000000000004186

-0.07755125821120928,0.00025000000000004186

-0.07728832131878219,0.00025000000000004186

-0.07705207234985259,0.00025000000000004186

-0.07679062516731458,0.00025000000000004186

-0.07655572822656585,0.00025000000000004186

-0.07629560409910666,0.00025000000000004186

-0.07606203610357137,0.00025000000000004186

-0.07580326333423593,4.163336342344337e-17

-0.07552200842002067,4.163336342344337e-17

-0.07526842306612176,4.163336342344337e-17

-0.07499002065462634,4.163336342344337e-17

-0.07473828079724533,4.163336342344337e-17

-0.07446134206001204,4.163336342344337e-17

-0.07421093566265699,4.163336342344337e-17

-0.07393530735352469,4.163336342344337e-17

-0.07368622149739225,4.163336342344337e-17

-0.0734119396848865,4.163336342344337e-17

-0.07316422236834798,-0.0002499999999999586

-0.0728913329524374,-0.0002499999999999586

-0.07264502352257435,-0.0002499999999999586

-0.07237355865494188,-0.0002499999999999586

-0.07212868279775853,-0.0002499999999999586

-0.07185866278711876,-0.0002499999999999586

-0.07161523651691175,-0.0002499999999999586

-0.07134667400179288,-0.0002499999999999586

-0.071104707349215,-0.0002499999999999586

-0.07083761033660055,-0.0002499999999999586

-0.07059710977817332,-0.0004999999999999588

-0.07033148355580936,-0.0004999999999999588

-0.07009245346335069,-0.0004999999999999588

-0.0698283017073564,-0.0004999999999999588

-0.06959074525243455,-0.0004999999999999588

-0.06932807071918562,-0.0004999999999999588

-0.06909199033870912,-0.0004999999999999588

-0.06883079522469067,-0.0004999999999999588

-0.06859619295893472,-0.0004999999999999588

-0.06833647915500818,-0.0004999999999999588

-0.0681033567781956,-0.000749999999999959

-0.06784512597288432,-0.000749999999999959

-0.06761348513598694,-0.000749999999999959

-0.06735673892157183,-0.000749999999999959

-0.06712658116993307,-0.000749999999999959

-0.06687132105921849,-0.000749999999999959

-0.0666426479095625,-0.000749999999999959

-0.06638887539214991,-0.000749999999999959

-0.06616168831189344,-0.000749999999999959

-0.06590940484146533,-0.000749999999999959

-0.06568370530326724,-0.0009999999999999593

-0.06543291233663143,-0.0009999999999999593

-0.06520870178433447,-0.0009999999999999593

-0.06495940075827572,-0.0009999999999999593

-0.0647366806533527,-0.0009999999999999593

-0.06448887301366085,-0.0009999999999999593

-0.06426764480134355,-0.0009999999999999593

-0.064021331994689,-0.0009999999999999593

-0.06380159712203126,-0.0009999999999999593

-0.06355678058558352,-0.0009999999999999593

-0.06333854051713274,-0.0012499999999999595

-0.06309522170511779,-0.0012499999999999595

-0.06282948632282105,-0.0012499999999999595

-0.06259138327738921,-0.0012499999999999595

-0.06232855340945313,-0.0012499999999999595

-0.06209236202917008,-0.0012499999999999595

-0.06183106314386408,-0.0012499999999999595

-0.06159626880952381,-0.0012499999999999595

-0.061336339083544356,-0.0012499999999999595

-0.06110291938957604,-0.0012499999999999595

-0.06084438640297998,-0.0014999999999999597

-0.06056340129658855,-0.0014999999999999597

-0.06031000777889942,-0.0014999999999999597

-0.06003187778497713,-0.0014999999999999597

-0.05978036066828171,-0.0014999999999999597

-0.05950373691761556,-0.0014999999999999597

-0.05925359945251419,-0.0014999999999999597

-0.0589783332902265,-0.0014999999999999597

-0.05872956300440269,-0.0014999999999999597

-0.058455689579154625,-0.0014999999999999597

-0.058208333258623374,-0.00174999999999996

-0.057935897347556546,-0.00174999999999996

-0.057689993423350974,-0.00174999999999996

-0.057419026467945986,-0.00174999999999996

-0.05717460009935611,-0.00174999999999996

-0.0569051220255839,-0.00174999999999996

-0.05666218896070133,-0.00174999999999996

-0.05639421222740806,-0.00174999999999996

-0.05615278238649623,-0.00174999999999996

-0.05588631494403969,-0.00174999999999996

-0.05564639477894578,-0.00199999999999996

-0.0553814419169186,-0.00199999999999996

-0.055143035842799976,-0.00199999999999996

-0.054879601292905145,-0.00199999999999996

-0.054642712534205655,-0.00199999999999996

-0.05438079912172866,-0.00199999999999996

-0.054145430204502513,-0.00199999999999996

-0.05388504020957459,-0.00199999999999996

-0.05365119325985495,-0.00199999999999996

-0.053392328665947744,-0.00199999999999996

-0.05316000556449204,-0.0022499999999999604

-0.052902668164333776,-0.0022499999999999604

-0.05267187065221381,-0.0022499999999999604

-0.05241606213097474,-0.0022499999999999604

-0.05218679186657362,-0.0022499999999999604

-0.05193251384586769,-0.0022499999999999604

-0.051704772438985996,-0.0022499999999999604

-0.051452026507004645,-0.0022499999999999604

-0.051225815536572926,-0.0022499999999999604

-0.050974603247145776,-0.0022499999999999604

-0.05074992428357196,-0.0024999999999999606

-0.050500247194259044,-0.0024999999999999606

-0.05027683274729348,-0.0024999999999999606

-0.050028443363199816,-0.0024999999999999606

-0.04980659164869822,-0.0024999999999999606

-0.04955975054656695,-0.0024999999999999606

-0.04933943795181705,-0.0024999999999999606

-0.04909413663188837,-0.0024999999999999606

-0.048875360972086286,-0.0024999999999999606

-0.04863159982431401,-0.0024999999999999606

-0.04841436244263105,-0.002749999999999961

-0.048172143141405985,-0.002749999999999961

-0.047907543546821474,-0.002749999999999961

-0.04765398798562975,-0.002749999999999961

-0.04737701197262839,-0.002749999999999961

-0.04712708469200826,-0.002749999999999961

-0.046852285982847304,-0.002749999999999961

-0.04660395242471545,-0.002749999999999961

-0.046330549727450064,-0.002749999999999961

-0.04608356255451993,-0.002749999999999961

-0.04581151984647953,-0.002999999999999961

-0.04551702723843277,-0.002999999999999961

-0.045250014111219275,-0.002999999999999961

-0.044958330211422086,-0.002999999999999961

-0.04469318676289215,-0.002999999999999961

-0.04440302349112258,-0.002999999999999961

-0.04413928481907621,-0.002999999999999961

-0.043850511012985205,-0.002999999999999961

-0.04358817503445083,-0.002999999999999961

-0.04330083253546248,-0.002999999999999961

-0.04303995064834926,-0.0032499999999999613

-0.04275408757046702,-0.0032499999999999613

-0.04249470070277116,-0.0032499999999999613

-0.04221035037553132,-0.0032499999999999613

-0.04195248514070529,-0.0032499999999999613

-0.04166966862517005,-0.0032499999999999613

-0.04141334166254007,-0.0032499999999999613

-0.041132072121098144,-0.0032499999999999613

-0.04087729391288378,-0.0032499999999999613

-0.040597579747840555,-0.0032499999999999613

-0.04034435711498528,-0.0034999999999999615

-0.040066203919816405,-0.0034999999999999615

-0.039814541532503314,-0.0034999999999999615

-0.03953795325487016,-0.0034999999999999615

-0.03928785452464184,-0.0034999999999999615

-0.03901283415323738,-0.0034999999999999615

-0.03876430175247222,-0.0034999999999999615

-0.03849085199619769,-0.0034999999999999615

-0.03824388824193405,-0.0034999999999999615

-0.03797201138599245,-0.0034999999999999615

-0.03772661818276164,-0.0037499999999999617

-0.037456315938851036,-0.0037499999999999617

-0.037212494848645104,-0.0037499999999999617

-0.03694376874930503,-0.0037499999999999617

-0.03670152123829232,-0.0037499999999999617

-0.03643437275228416,-0.0037499999999999617

-0.036193700249568805,-0.0037499999999999617

-0.035928130818878086,-0.0037499999999999617

-0.03568903473435567,-0.0037499999999999617

-0.035425045777429935,-0.0037499999999999617

-0.0351875275236849,-0.003999999999999962

-0.03492512046326975,-0.003999999999999962

-0.03468918144334609,-0.003999999999999962

-0.0344283576941054,-0.003999999999999962

-0.03419399931538215,-0.003999999999999962

-0.033934760293876244,-0.003999999999999962

-0.033701983968237044,-0.003999999999999962

-0.03344433109614247,-0.003999999999999962

-0.033213138237797486,-0.003999999999999962

-0.032957072931435474,-0.003999999999999962

-0.03272746496955853,-0.004249999999999962

-0.03247298866071529,-0.004249999999999962

-0.03224496702245191,-0.004249999999999962

-0.031992081142139736,-0.004249999999999962

-0.03176564726389725,-0.004249999999999962

-0.03151435325014981,-0.004249999999999962

-0.03128950857608296,-0.004249999999999962

-0.031039807875961285,-0.004249999999999962

-0.03081655385490926,-0.004249999999999962

-0.03056844791307097,-0.004249999999999962

-0.03034678601055656,-0.004499999999999962

-0.03010027628937056,-0.004499999999999962

-0.02984814474826137,-0.004499999999999962

-0.02957348276923933,-0.004499999999999962

-0.02932612916196626,-0.004499999999999962

-0.029054175434467016,-0.004499999999999962

-0.028808688852955032,-0.004499999999999962

-0.028538295385889676,-0.004499999999999962

-0.028294268040749606,-0.004499999999999962

-0.02802532842184813,-0.004499999999999962

-0.02778276429601154,-0.004749999999999963

-0.027515316701224916,-0.004749999999999963

-0.027274261958998864,-0.004749999999999963

-0.02700834822860989,-0.004749999999999963

-0.026768839254543153,-0.004749999999999963

-0.026504488729038628,-0.004749999999999963

-0.02626654965533154,-0.004749999999999963

-0.026003781456024354,-0.004749999999999963

-0.025767427825642102,-0.004749999999999963

-0.02550625435733781,-0.004749999999999963

-0.025271496258858942,-0.004999999999999963

-0.02501192570870917,-0.004999999999999963

-0.024778769850443288,-0.004999999999999963

-0.02452080778433733,-0.004999999999999963

-0.024289258797262715,-0.004999999999999963

-0.024032909160341422,-0.004999999999999963

-0.02380297040968186,-0.004999999999999963

-0.023548236153955984,-0.004999999999999963

-0.02331991024338895,-0.004999999999999963

-0.023066793721806294,-0.004999999999999963

-0.022840082805336507,-0.005249999999999963

-0.02258858601796079,-0.005249999999999963

-0.02236349199105485,-0.005249999999999963

-0.022113616739494652,-0.005249999999999963

-0.021890141350748103,-0.005249999999999963

-0.02164188931853049,-0.005249999999999963

-0.021420034249872127,-0.005249999999999963

-0.021173407075766874,-0.005249999999999963

-0.02095317396296411,-0.005249999999999963

-0.020708173254740975,-0.005249999999999963

-0.020489563719883315,-0.005499999999999963

-0.02024619107784688,-0.005499999999999963

-0.019980517000860676,-0.005499999999999963

-0.019742196438399705,-0.005499999999999963

-0.019479422387571853,-0.005499999999999963

-0.019243103033414987,-0.005499999999999963

-0.01898199134684347,-0.005499999999999963

-0.018747212800963985,-0.005499999999999963

-0.018487622915515034,-0.005499999999999963

-0.01825436605201222,-0.005499999999999963

-0.017996320146285282,-0.0057499999999999635

-0.01771594752051891,-0.0057499999999999635

-0.01746288691173913,-0.0057499999999999635

-0.01718536818803702,-0.0057499999999999635

-0.016934276290869806,-0.0057499999999999635

-0.01665839803851449,-0.0057499999999999635

-0.01640883167253923,-0.0057499999999999635

-0.01613446543316027,-0.0057499999999999635

-0.015886414777729913,-0.0057499999999999635

-0.015613590143107994,-0.0057499999999999635

-0.015367095426516429,-0.005999999999999964

-0.015095850043821427,-0.005999999999999964

-0.014850944508493457,-0.005999999999999964

-0.014581305378046897,-0.005999999999999964

-0.01433801136626908,-0.005999999999999964

-0.01406999625749456,-0.005999999999999964

-0.01382832829078105,-0.005999999999999964

-0.01356194765258526,-0.005999999999999964

-0.013321914841239497,-0.005999999999999964

-0.013057176067843321,-0.005999999999999964

-0.012818785005205889,-0.006249999999999964

-0.012555693883028657,-0.006249999999999964

-0.012318949601361328,-0.006249999999999964

-0.012057510475111414,-0.006249999999999964

-0.011822416774769296,-0.006249999999999964

-0.011562632985425597,-0.006249999999999964

-0.0113291928710645,-0.006249999999999964

-0.011071067137465388,-0.006249999999999964

-0.01083928313183346,-0.006249999999999964

-0.010582817800523192,-0.006249999999999964

-0.010352692139756677,-0.006499999999999964

-0.010097889336985293,-0.006499999999999964

-0.009869424087813623,-0.006499999999999964

-0.009616285809163917,-0.006499999999999964

-0.009389482938295361,-0.006499999999999964

-0.009138011106475526,-0.006499999999999964

-0.00891287251859918,-0.006499999999999964

-0.008663068997092795,-0.006499999999999964

-0.00843959656984207,-0.006499999999999964

-0.008191463211348093,-0.006499999999999964

-0.0079696587952549,-0.006749999999999964

-0.007723197429279952,-0.006749999999999964

-0.007454475467858197,-0.006749999999999964

-0.007213022114486642,-0.006749999999999964

-0.006947226487839918,-0.006749999999999964

-0.0067078162473132065,-0.006749999999999964

-0.006443727086020956,-0.006749999999999964

-0.006205901852145502,-0.006749999999999964

-0.005943375301314927,-0.006749999999999964

-0.0057071145432884066,-0.006749999999999964

-0.005446172245081748,-0.006999999999999965

-0.005162943270085975,-0.006999999999999965

-0.004906939910174832,-0.006999999999999965

-0.004626593602848768,-0.006999999999999965

-0.004372603174867673,-0.006999999999999965

-0.004093941917849086,-0.006999999999999965

-0.003841522044729718,-0.006999999999999965

-0.0035644124403770043,-0.006999999999999965

-0.0033135512954234557,-0.006999999999999965

-0.003038024455863222,-0.006999999999999965

-0.0027887639535177622,-0.007249999999999965

-0.002514860271079596,-0.007249999999999965

-0.002267235298127809,-0.007249999999999965

-0.00199498347005304,-0.007249999999999965

-0.0017490171416653156,-0.007249999999999965

-0.0014784355925438165,-0.007249999999999965

-0.0012341425941620292,-0.007249999999999965

-0.0009652430431716621,-0.007249999999999965

-0.0007226328158511486,-0.007249999999999965

-0.00045542291947949827,-0.007249999999999965

-0.00021450177119124105,-0.007499999999999965

5.101322057120025e-05,-0.007499999999999965

0.0002902408210556674,-0.007499999999999965

0.0005540570670109614,-0.007499999999999965

0.0007915877360349301,-0.007499999999999965

0.0010537022186577075,-0.007499999999999965

0.0012895331960110152,-0.007499999999999965

0.001549943383706436,-0.007499999999999965

0.001784072281459063,-0.007499999999999965

0.0020427759246544044,-0.007499999999999965

0.00227520057170396,-0.007749999999999965

0.00253219558805601,-0.007749999999999965

0.002762913942566978,-0.007749999999999965

0.0030181983497019342,-0.007749999999999965

0.0032472084463757954,-0.007749999999999965

0.003500780321211058,-0.007749999999999965

0.0037280802411465844,-0.007749999999999965

0.003979937692903886,-0.007749999999999965

0.004205525547996296,-0.007749999999999965

0.004455666721897269,-0.007749999999999965

0.004679540633441924,-0.007999999999999965

0.004927963671633698,-0.007999999999999965

0.005150121778339594,-0.007999999999999965

0.005396824839333414,-0.007999999999999965

0.005617265284860674,-0.007999999999999965

0.00586224653178587,-0.007999999999999965

0.006080967463772309,-0.007999999999999965

0.0063242250588234255,-0.007999999999999965

0.006541224630471585,-0.007999999999999965

0.006782756752175755,-0.007999999999999965

0.006998033110726853,-0.008249999999999966

0.007237837922648314,-0.008249999999999966

0.0074998428455369855,-0.008249999999999966

0.007770709045489734,-0.008249999999999966

0.008063397341758078,-0.008249999999999966

0.008328882128810595,-0.008249999999999966

0.00861864907912862,-0.008249999999999966

0.008882205845126612,-0.008249999999999966

0.00917039725452146,-0.008249999999999966

0.009432481496412267,-0.008249999999999966

0.009719196015493495,-0.008499999999999966

0.010028203042525477,-0.008499999999999966

0.010310147106246057,-0.008499999999999966

0.010616356334686185,-0.008499999999999966

0.01089632188104241,-0.008499999999999966

0.011200850985182514,-0.008499999999999966

0.01147923392971906,-0.008499999999999966

0.011782187205114203,-0.008499999999999966

0.012058979837976543,-0.008499999999999966

0.01236031235914926,-0.008499999999999966

0.012635462658628343,-0.008749999999999966

0.012935126502242792,-0.008749999999999966

0.013208593895935284,-0.008749999999999966

0.013506556041345876,-0.008749999999999966

0.013778314109717043,-0.008749999999999966

0.014074553598717407,-0.008749999999999966

0.014344585709158166,-0.008749999999999966

0.014639089322725382,-0.008749999999999966

0.014907384877636654,-0.008749999999999966

0.015200144064686338,-0.008749999999999966

0.015466696059874057,-0.008999999999999966

0.01575770502791052,-0.008999999999999966

0.01602250857331035,-0.008999999999999966

0.016311763149125382,-0.008999999999999966

0.01657481334245709,-0.008999999999999966

0.016862309714418513,-0.008999999999999966

0.017123603274150734,-0.008999999999999966

0.017409338745487158,-0.008999999999999966

0.01766887310468671,-0.008999999999999966

0.017952845380684538,-0.008999999999999966

0.018210618236857504,-0.009249999999999967

0.018492825170012762,-0.009249999999999967

0.018748834335487973,-0.009249999999999967

0.019029273836858245,-0.009249999999999967

0.019283517173838954,-0.009249999999999967

0.019562187172154653,-0.009249999999999967

0.01981466255940515,-0.009249999999999967

0.020091560981238155,-0.009249999999999967

0.020342266297170734,-0.009249999999999967

0.020617391055930887,-0.009249999999999967

0.020866324196734235,-0.009499999999999967

0.021139673204631157,-0.009499999999999967

0.021386832045164207,-0.009499999999999967

0.021658403187721085,-0.009499999999999967

0.021903785583566236,-0.009499999999999967

0.022173576741353392,-0.009499999999999967

0.02241718052726399,-0.009499999999999967

0.022685189551061226,-0.009499999999999967

0.022927012557629564,-0.009499999999999967

0.023193237294598743,-0.009499999999999967

0.023433277341813216,-0.009749999999999967

0.023697715627973338,-0.009749999999999967

0.023935970526964407,-0.009749999999999967

0.024198620184374423,-0.009749999999999967

0.024435087740521687,-0.009749999999999967

0.024695946595985094,-0.009749999999999967

0.024930624600140783,-0.009749999999999967

0.0251896904557417,-0.009749999999999967

0.025422576698037318,-0.009749999999999967

0.02567984735584442,-0.009749999999999967

0.0259109396182142,-0.009999999999999967

0.026166412871876828,-0.009999999999999967

0.02639570892938994,-0.009999999999999967

0.026649382561388858,-0.009999999999999967

0.026876880185612455,-0.009999999999999967

0.027128751985951816,-0.009999999999999967

0.027354448935778174,-0.009999999999999967

0.027604516672147132,-0.009999999999999967

0.027828410707994973,-0.009999999999999967

0.02807667215065582,-0.009999999999999967

0.028298761026717318,-0.010249999999999967

0.028545213940041274,-0.010249999999999967

0.028765495405895958,-0.010249999999999967

0.029010137545514243,-0.010249999999999967

0.029228609349236854,-0.010249999999999967

0.029471438480608174,-0.010249999999999967

0.029688098359816253,-0.010249999999999967

0.02992911222845148,-0.010249999999999967

0.03014395792436378,-0.010249999999999967

0.030383154280499494,-0.010249999999999967

0.030596183530329682,-0.010249999999999967

0.03083356011642706,-0.010499999999999968

0.0310930495723145,-0.010499999999999968

0.031325491969191606,-0.010499999999999968

0.031581987061536705,-0.010499999999999968

0.031812282496270196,-0.010499999999999968

0.032066935316188275,-0.010499999999999968

0.03229548634925192,-0.010499999999999968

0.03254841822680723,-0.010499999999999968

0.032775237388100724,-0.010499999999999968

0.033026424008947376,-0.010499999999999968

0.03325148350211086,-0.010749999999999968

0.033500894835528205,-0.010749999999999968

0.033724171027978325,-0.010749999999999968

0.03397178501405018,-0.010749999999999968

0.03419325825533239,-0.010749999999999968

0.0344390582489114,-0.010749999999999968

0.034658714773547886,-0.010749999999999968

0.034902689544960924,-0.010749999999999968

0.035120520165460946,-0.010749999999999968

0.03536266218938478,-0.010749999999999968

0.03557866064378492,-0.010999999999999968

0.03581896467508354,-0.010999999999999968

0.03608136014379575,-0.010999999999999968

0.036316746323908605,-0.010999999999999968

0.0365761409901366,-0.010999999999999968

0.0368093389532759,-0.010999999999999968

0.03706685721768543,-0.010999999999999968

0.03729829251276283,-0.010999999999999968

0.037554070696220535,-0.010999999999999968

0.037783763751622845,-0.010999999999999968

0.038037779878777433,-0.011249999999999968

0.03831390727386884,-0.011249999999999968

0.03856306647736841,-0.011249999999999968

0.038836233054028085,-0.011249999999999968

0.039083230176536636,-0.011249999999999968

0.039354536886429294,-0.011249999999999968

0.039599781589883545,-0.011249999999999968

0.03986935348964256,-0.011249999999999968

0.04011285795993044,-0.011249999999999968

0.04038066693962301,-0.011249999999999968

0.04062239260089635,-0.011499999999999969

0.04088840120566248,-0.011499999999999969

0.04112831552211513,-0.011499999999999969

0.04139249685648333,-0.011499999999999969

0.041630578051780116,-0.011499999999999969

0.04189291467416642,-0.011499999999999969

0.04212914876534798,-0.011499999999999969

0.04238962945791008,-0.011499999999999969

0.04262400734509544,-0.011499999999999969

0.04288262468398768,-0.011499999999999969

0.04311514019656078,-0.011749999999999969

0.04337188901177633,-0.011749999999999969

0.04360253770824088,-0.011749999999999969

0.043857414154977764,-0.011749999999999969

0.04408619260781666,-0.011749999999999969

0.04433919361712671,-0.011749999999999969

0.04456609899199293,-0.011749999999999969

0.04481722194904022,-0.011749999999999969

0.045042251759113264,-0.011749999999999969

0.04529149431574191,-0.011749999999999969

0.045514646278892644,-0.011999999999999969

0.04576200624484503,-0.011999999999999969

0.045983278200924675,-0.011999999999999969

0.04622875348082132,-0.011999999999999969

0.04644814334351184,-0.011999999999999969

0.04669173190006581,-0.011999999999999969

0.04690923762888219,-0.011999999999999969

0.04715093746155891,-0.011999999999999969

0.04736655704537118,-0.011999999999999969

0.04760636617756251,-0.011999999999999969

0.047820097624736095,-0.01224999999999997

0.048058014096275234,-0.01224999999999997

0.048317958118598174,-0.01224999999999997

0.04855098594362532,-0.01224999999999997

0.04880791093263455,-0.01224999999999997

0.04904645431837266,-0.01224999999999997

0.04930871583683295,-0.01224999999999997

0.04954478100737658,-0.01224999999999997

0.049805013826844276,-0.01224999999999997

0.050039224552307734,-0.01224999999999997

0.05029765033934946,-0.01249999999999997

0.050578140300986285,-0.01249999999999997

0.05083177301256614,-0.01249999999999997

0.05110931506938238,-0.01249999999999997

0.05136077005997684,-0.01249999999999997

0.05163642230776012,-0.01249999999999997

0.05188608797718373,-0.01249999999999997

0.052159964259769966,-0.01249999999999997

0.05240784635499758,-0.01249999999999997

0.05267991451006372,-0.01249999999999997

0.05292597171235152,-0.01274999999999997

0.053196192330159126,-0.01274999999999997

0.05344039066697514,-0.01274999999999997

0.05370873578899483,-0.01274999999999997

0.05395105268571482,-0.01274999999999997

0.054217504281023905,-0.01274999999999997

0.054457925313633734,-0.01274999999999997

0.05472247184142908,-0.01274999999999997

0.054960987672111834,-0.01274999999999997

0.055223621534012245,-0.01274999999999997

0.05546022586770013,-0.01299999999999997

0.05572094180890926,-0.01299999999999997

0.055955630148998355,-0.01299999999999997

0.05621442429568855,-0.01299999999999997

0.05644719320251763,-0.01299999999999997

0.056704062489831925,-0.01299999999999997

0.0569349091422267,-0.01299999999999997

0.05718985097885252,-0.01299999999999997

0.05741877291815591,-0.01299999999999997

0.057671784991085856,-0.01299999999999997

0.05789877997250392,-0.01324999999999997

0.05814986013389885,-0.01324999999999997

0.058374926040357815,-0.01324999999999997

0.05862407224197198,-0.01324999999999997

0.058847207034223754,-0.01324999999999997

0.05909441728924186,-0.01324999999999997

0.05931561897661129,-0.01324999999999997

0.05956089133735,-0.01324999999999997

0.059780157960695614,-0.01324999999999997

0.06002349050539875,-0.01324999999999997

0.060240820126844966,-0.01349999999999997

0.060482210951767756,-0.01349999999999997

0.060745562832598396,-0.01349999999999997

0.06098209987329671,-0.01349999999999997

0.06124241851330595,-0.01349999999999997

0.06147668695339358,-0.01349999999999997

0.061735029959807106,-0.01349999999999997

0.06196743095565833,-0.01349999999999997

0.06222392776392234,-0.01349999999999997

0.06245448151364786,-0.01349999999999997

0.06270911210641976,-0.01374999999999997

0.06298572193506875,-0.01374999999999997

0.06323555971201811,-0.01374999999999997

0.06350917636710303,-0.01374999999999997

0.06375677180622488,-0.01374999999999997

0.06402842952986125,-0.01374999999999997

0.06427416800731926,-0.01374999999999997

0.06454398508470446,-0.01374999999999997

0.06478787866439555,-0.01374999999999997

0.06505582901458515,-0.01374999999999997

0.06529784156355858,-0.01399999999999997

0.0655638899720941,-0.01399999999999997

0.06580399082818365,-0.01399999999999997

0.06606811193109054,-0.01399999999999997

0.06630628053140639,-0.01399999999999997

0.06656845786049449,-0.01399999999999997

0.06680468099233036,-0.01399999999999997

0.06706490395410007,-0.01399999999999997

0.06729917302071559,-0.01399999999999997

0.0675574346097119,-0.01399999999999997

0.06778974378771709,-0.014249999999999971

0.06804603913342075,-0.014249999999999971

0.06827638423890214,-0.014249999999999971

0.06853070972809999,-0.014249999999999971

0.06875908753991367,-0.014249999999999971

0.06901144029692498,-0.014249999999999971

0.06923784815820844,-0.014249999999999971

0.06948822574018998,-0.014249999999999971

0.06971266132562202,-0.014249999999999971

0.06996106154491627,-0.014249999999999971

0.07018352272543013,-0.014499999999999971

0.07042994354648256,-0.014499999999999971

0.07065228825561613,-0.014499999999999971

0.07089847704132396,-0.014499999999999971

0.07111869158333686,-0.014499999999999971

0.07136284353874062,-0.014499999999999971

0.07158106434655682,-0.014499999999999971

0.0718232329698693,-0.014499999999999971

0.07203947842240872,-0.014499999999999971

0.0722796677157064,-0.014499999999999971

0.07249393613386487,-0.014749999999999971

0.07273214248880314,-0.014749999999999971

0.07299224298662917,-0.014749999999999971

0.07327344541938952,-0.014749999999999971

0.07352767851362642,-0.014749999999999971

0.07380552050225782,-0.014749999999999971

0.07405742104384265,-0.014749999999999971

0.07433331472520685,-0.014749999999999971

0.07458339767185855,-0.014749999999999971

0.07485748980827962,-0.014749999999999971

0.07510575726624362,-0.014999999999999972

0.07537799975312627,-0.014999999999999972

0.075624392161496,-0.014999999999999972

0.07589472881359773,-0.014999999999999972

0.07613919805876969,-0.014999999999999972

0.0764075895216833,-0.014999999999999972

0.07665010403324043,-0.014999999999999972

0.07691652529099215,-0.014999999999999972

0.07715706526185152,-0.014999999999999972

0.0774215006662771,-0.014999999999999972

0.07766005363847295,-0.015249999999999972

0.07792249324845871,-0.015249999999999972

0.07815905117368185,-0.015249999999999972

0.07841948844054565,-0.015249999999999972

0.07865404587441238,-0.015249999999999972

0.07891247624454634,-0.015249999999999972

0.0791450292687087,-0.015249999999999972

0.07940144935569313,-0.015249999999999972

0.07963199494312474,-0.015249999999999972

0.07988640204239432,-0.015249999999999972

0.08011493768685873,-0.015499999999999972

0.08036732949341044,-0.015499999999999972

0.08059385299476379,-0.015499999999999972

0.08084422743973661,-0.015499999999999972

0.08106873677987389,-0.015499999999999972

0.0813170919362002,-0.015499999999999972

0.08153958520744319,-0.015499999999999972

0.08178591923524021,-0.015499999999999972

0.08200639459880556,-0.015499999999999972

0.08225070571353839,-0.015499999999999972

0.08246916137515656,-0.015749999999999972

0.0827114478288665,-0.015749999999999972

0.08297556833793521,-0.015749999999999972

0.08321306962320352,-0.015749999999999972

0.08347413736588122,-0.015749999999999972

0.08370930616516402,-0.015749999999999972

0.08396831669452826,-0.015749999999999972

0.0842015310933655,-0.015749999999999972

0.08445860704318982,-0.015749999999999972

0.084689886711675,-0.015749999999999972

0.0849450096252972,-0.015999999999999973

0.08522198215903999,-0.015999999999999973

0.08547237902499168,-0.015999999999999973

0.08574633759360341,-0.015999999999999973

0.08599442742766436,-0.015999999999999973

0.08626634503288795,-0.015999999999999973

0.0865124908038248,-0.015999999999999973

0.08678247945465309,-0.015999999999999973

0.08702669311250058,-0.015999999999999973

0.0872947286082109,-0.015999999999999973

0.08753697631383571,-0.016249999999999973

0.08780302561822509,-0.016249999999999973

0.08804327855003273,-0.016249999999999973

0.08830731780715302,-0.016249999999999973

0.08854555661456791,-0.016249999999999973

0.08880757033887157,-0.016249999999999973

0.08904378260553797,-0.016249999999999973

0.08930376086473878,-0.016249999999999973

0.08953793854560524,-0.016249999999999973

0.08979587481012413,-0.016249999999999973

0.09002801249371918,-0.016499999999999973

0.0902839022633401,-0.016499999999999973

0.0905139960980645,-0.016499999999999973

0.09076783606979706,-0.016499999999999973

0.09099588312133368,-0.016499999999999973

0.09124767069536643,-0.016499999999999973

0.09147366856766749,-0.016499999999999973

0.09172340155737664,-0.016499999999999973

0.09194734817113044,-0.016499999999999973

0.09219502463405084,-0.016499999999999973

0.09241691809795202,-0.016749999999999973

0.09266253623776496,-0.016749999999999973

0.09292992888175132,-0.016749999999999973

0.09317079661645283,-0.016749999999999973

0.09343513153972237,-0.016749999999999973

0.09367364179318113,-0.016749999999999973

0.09393588640001226,-0.016749999999999973

0.0941724067460299,-0.016749999999999973

0.09443268055538177,-0.016749999999999973

0.09466723041543383,-0.016749999999999973

0.09492551567484048,-0.016999999999999973

0.09520558968322317,-0.016999999999999973

0.09545918299926334,-0.016999999999999973

0.09573623761318331,-0.016999999999999973

0.09598749860331283,-0.016999999999999973

0.09626247900919414,-0.016999999999999973

0.09651176043400493,-0.016999999999999973

0.09678477575863458,-0.016999999999999973

0.09703208950980446,-0.016999999999999973

0.0973031164556384,-0.016999999999999973

0.0975484297850265,-0.017249999999999974

0.097817436332167,-0.017249999999999974

0.09806072128080864,-0.017249999999999974

0.09832768428449545,-0.017249999999999974

0.09856892207922949,-0.017249999999999974

0.09883382652724512,-0.017249999999999974

0.09907300514087788,-0.017249999999999974

0.09933584142866975,-0.017249999999999974

0.09957295309439156,-0.017249999999999974

0.099833714935994,-0.017249999999999974

0.10006875445705411,-0.017499999999999974

0.10032743754788864,-0.017499999999999974

0.10056040125119689,-0.017499999999999974

0.1008170024565277,-0.017499999999999974

0.1010478875655981,-0.017499999999999974

0.10130240443825622,-0.017499999999999974

0.1015312087029926,-0.017499999999999974

0.1017836392000329,-0.017499999999999974

0.10201036068028986,-0.017499999999999974

0.10226070299787007,-0.017499999999999974

0.10248533993779065,-0.017749999999999974

0.10273359241547807,-0.017749999999999974

0.10297655277192924,-0.017749999999999974

0.10324199340476388,-0.017749999999999974

0.10348132002151425,-0.017749999999999974

0.10374412579351887,-0.017749999999999974

0.10398122618555866,-0.017749999999999974

0.10424195447998987,-0.017749999999999974

0.1044770320582496,-0.017749999999999974

0.10473574095677582,-0.017749999999999974

0.10496879644073899,-0.017999999999999974

0.10522546659863558,-0.017999999999999974

0.10545647589613656,-0.017999999999999974

0.10571108448438696,-0.017999999999999974

0.10594002785335828,-0.017999999999999974

0.10619255857455287,-0.017999999999999974

0.10641942275364481,-0.017999999999999974

0.10666986495828225,-0.017999999999999974

0.10689464133966967,-0.017999999999999974

0.10714298809730655,-0.017999999999999974

0.10736567100040656,-0.018249999999999975

0.10761191766042945,-0.018249999999999975

0.10787984786551114,-0.018249999999999975

0.10812140411116854,-0.018249999999999975

0.1083862762533382,-0.018249999999999975

0.10862544384615612,-0.018249999999999975

0.10888818197047663,-0.018249999999999975

0.10912531199619184,-0.018249999999999975

0.10938603045843753,-0.018249999999999975

0.10962114164516212,-0.018249999999999975

0.10987982360742223,-0.018499999999999975

0.1101602004493196,-0.018499999999999975

0.11041424731136906,-0.018499999999999975

0.11069160219771225,-0.018499999999999975

0.11094328406917374,-0.018499999999999975

0.11121852011095788,-0.018499999999999975

0.11146817427084413,-0.018499999999999975

0.11174139621311167,-0.018499999999999975

0.11198903446461121,-0.018499999999999975

0.11226022039264123,-0.018499999999999975

0.11250581166178686,-0.018749999999999975

0.11277493112210653,-0.018749999999999975

0.11301844878726412,-0.018749999999999975

0.11328547974613253,-0.018749999999999975

0.11352690594455185,-0.018749999999999975

0.11379183414442225,-0.018749999999999975

0.11403115747727699,-0.018749999999999975

0.11429397385022501,-0.018749999999999975

0.11453118701303229,-0.018749999999999975

0.1147918856838201,-0.018749999999999975

0.11502698384713227,-0.018999999999999975

0.11528556085018565,-0.018999999999999975

0.11551854065407403,-0.018999999999999975

0.11577499315271034,-0.018999999999999975

0.11600585210282734,-0.018999999999999975

0.11626017792444866,-0.018999999999999975

0.11648891403502522,-0.018999999999999975

0.11674111139773947,-0.018999999999999975

0.1169677229826984,-0.018999999999999975

0.11721779033603241,-0.018999999999999975

0.1174422758877856,-0.019249999999999975

0.11769021182039882,-0.019249999999999975

0.11795976605770511,-0.019249999999999975

0.11820305236475712,-0.019249999999999975

0.11846954946977988,-0.019249999999999975

0.11871042789589571,-0.019249999999999975

0.11897476377864535,-0.019249999999999975

0.11921357520603502,-0.019249999999999975

0.11947586148701433,-0.019249999999999975

0.1197126247767893,-0.019249999999999975

0.1199728457145391,-0.019499999999999976

0.12025469646632513,-0.019499999999999976

0.12051032496407615,-0.019499999999999976

0.12078915625098707,-0.019499999999999976

0.12104240186704504,-0.019499999999999976

0.12131908827335193,-0.019499999999999976

0.1215702778193183,-0.019499999999999976

0.12184492119481437,-0.019499999999999976

0.1220940664946195,-0.019499999999999976

0.12236664593009515,-0.019499999999999976

0.12261371710681743,-0.019749999999999976

0.12288420326566818,-0.019749999999999976

0.12312917465334315,-0.019749999999999976

0.12339754629860958,-0.019749999999999976

0.1236404006911299,-0.019749999999999976

0.12390664411261294,-0.019749999999999976

0.12414737057024604,-0.019749999999999976

0.12441147709453779,-0.019749999999999976

0.12465006865536167,-0.019749999999999976

0.12491203271331797,-0.019749999999999976

0.12514848482360724,-0.019999999999999976

0.12540830270523912,-0.019999999999999976

0.1256426122426243,-0.019999999999999976

0.125900281337973,-0.019999999999999976

0.12613244602379473,-0.019999999999999976

0.12638796437035313,-0.019999999999999976

0.1266179824218663,-0.019999999999999976

0.12687134843825162,-0.019999999999999976

0.12709921836508778,-0.019999999999999976

0.12735043069578864,-0.019999999999999976

0.12757615118189275,-0.020249999999999976

0.12782520860742838,-0.020249999999999976

0.12808323007542088,-0.020249999999999976

0.12836278842593235,-0.020249999999999976

0.12861621001271875,-0.020249999999999976

0.12889275936003977,-0.020249999999999976

0.12914381197294778,-0.020249999999999976

0.12941822871929115,-0.020249999999999976

0.12966723373428116,-0.020249999999999976

0.12993961140698335,-0.020249999999999976

0.13018657205874368,-0.020499999999999977

0.13045688199474434,-0.020499999999999977

0.13070176188839613,-0.020499999999999977

0.13096996948177186,-0.020499999999999977

0.13121273877166556,-0.020499999999999977

0.13147881953099883,-0.020499999999999977

0.13171945849762157,-0.020499999999999977

0.13198339679930118,-0.020499999999999977

0.13222189305691615,-0.020499999999999977

0.13248367915329534,-0.020499999999999977

0.13272002495168814,-0.020749999999999977

0.13297965271064477,-0.020749999999999977

0.13321384310471823,-0.020749999999999977

0.13347130855924644,-0.020749999999999977

0.13370334027068556,-0.020749999999999977

0.133958640733852,-0.020749999999999977

0.13418851146527555,-0.020749999999999977

0.13444164500182787,-0.020749999999999977

0.13466935303050043,-0.020749999999999977

0.1349203181457003,-0.020749999999999977

0.13514586208579313,-0.020999999999999977

0.1353946575442557,-0.020999999999999977

0.13566495670495063,-0.020999999999999977

0.13590918857957668,-0.020999999999999977

0.13617644533153814,-0.020999999999999977

0.13641824747775863,-0.020999999999999977

0.1366833063949393,-0.020999999999999977

0.136923000463725,-0.020999999999999977

0.13718596750574216,-0.020999999999999977

0.13742357199764707,-0.020999999999999977

0.13768443291014368,-0.021249999999999977

0.13796680717380652,-0.021249999999999977

0.13822316091151673,-0.021249999999999977

0.13850253013321753,-0.021249999999999977

0.13875647925021375,-0.021249999999999977

0.13903366740649875,-0.021249999999999977

0.13928552007492953,-0.021249999999999977

0.13956062385028997,-0.021249999999999977

0.13981039192122158,-0.021249999999999977

0.1400833921701604,-0.021249999999999977

0.14033104788685358,-0.021499999999999977

0.1406019172630745,-0.021499999999999977

0.14084743667291186,-0.021499999999999977

0.1411161553778217,-0.021499999999999977

0.1413595224693627,-0.021499999999999977

0.14162607779705258,-0.021499999999999977

0.141867282480925,-0.021499999999999977

0.14213166649567044,-0.021499999999999977

0.14237070245681469,-0.021499999999999977

0.14263291017259466,-0.021499999999999977

0.14286977338725143,-0.021749999999999978

0.1431298015887159,-0.021749999999999978

0.14336448939747276,-0.021749999999999978

0.1436223359184008,-0.021749999999999978

0.14385484646674984,-0.021749999999999978

0.14411050975876583,-0.021749999999999978

0.14434084166540914,-0.021749999999999978

0.1445943205438071,-0.021749999999999978

0.14482247270634396,-0.021749999999999978

0.1450737662018824,-0.021749999999999978

0.14529973768416768,-0.021999999999999978

0.1455488449574305,-0.021999999999999978

0.14581930184555852,-0.021999999999999978

0.146063818233317,-0.021999999999999978

0.14633125294663588,-0.021999999999999978

0.14657333488307492,-0.021999999999999978

0.14683855701115375,-0.021999999999999978

0.14707851297366178,-0.021999999999999978

0.14734162448795288,-0.021999999999999978

0.14757947259620371,-0.021999999999999978

0.14784046012769264,-0.022249999999999978

0.14812289291579492,-0.022249999999999978

0.14837942829761788,-0.022249999999999978

0.1486588703289847,-0.022249999999999978

0.14891299450490342,-0.022249999999999978

0.14919024056040422,-0.022249999999999978

0.14944225096266403,-0.022249999999999978

0.14971739477232682,-0.022249999999999978

0.14996730330457558,-0.022249999999999978

0.15024032677976817,-0.022249999999999978

0.1504881069463135,-0.02249999999999998

0.15075898392358605,-0.02249999999999998

0.1510046127915185,-0.02249999999999998

0.1512733243300012,-0.02249999999999998

0.15151678660236337,-0.02249999999999998

0.1517833205984796,-0.02249999999999998

0.15202460669769316,-0.02249999999999998

0.15228895566089118,-0.02249999999999998

0.15252805966357105,-0.02249999999999998

0.1527902189617015,-0.02249999999999998

0.1530271371665668,-0.02274999999999998

0.15328710388557773,-0.02274999999999998

0.15352183391572188,-0.02274999999999998

0.15377960616020397,-0.02274999999999998

0.15401214642023534,-0.02274999999999998

0.15426772289459148,-0.02274999999999998

0.15449807224833995,-0.02274999999999998

0.15475145200973425,-0.02274999999999998

0.15497960959134716,-0.02274999999999998

0.15523079190562356,-0.02274999999999998

0.15545675701008957,-0.02299999999999998

0.15570574126859751,-0.02299999999999998

0.1559760943200342,-0.02299999999999998

0.15622063072484457,-0.02299999999999998

0.1564879748880696,-0.02299999999999998

0.1567300727150894,-0.02299999999999998

0.15699519309605595,-0.02299999999999998

0.15723515171689487,-0.02299999999999998

0.1574981477791388,-0.02299999999999998

0.1577359853613134,-0.02299999999999998

0.15799684463431363,-0.02324999999999998

0.15827908048341854,-0.02324999999999998

0.15853554784985882,-0.02324999999999998

0.15881481225165336,-0.02324999999999998

0.1590688666555697,-0.02324999999999998

0.15934592488694263,-0.02324999999999998

0.1595978528373727,-0.02324999999999998

0.15987279556873685,-0.02324999999999998

0.16012260896006483,-0.02324999999999998

0.16039541912158228,-0.02324999999999998

0.16064309269461124,-0.02349999999999998

0.16091374528904545,-0.02349999999999998

0.1611592571190755,-0.02349999999999998

0.16142773405495783,-0.02349999999999998

0.16167106955355243,-0.02349999999999998

0.1619373593251218,-0.02349999999999998

0.1621785094230926,-0.02349999999999998

0.16244260498228213,-0.02349999999999998

0.16268156414578822,-0.02349999999999998

0.16294346121234302,-0.02349999999999998

0.16318022606080893,-0.02374999999999998

0.16343992202016994,-0.02374999999999998

0.16367449045736937,-0.02374999999999998

0.1639319836828686,-0.02374999999999998

0.1641643543703691,-0.02374999999999998

0.16441964381672577,-0.02374999999999998

0.16464981586078872,-0.02374999999999998

0.16490290082399212,-0.02374999999999998

0.16513087359204584,-0.02374999999999998

0.1653817535693691,-0.02374999999999998

0.1656075265836293,-0.02399999999999998

0.16585620119284636,-0.02399999999999998

0.16612617601352778,-0.02399999999999998

0.1663704679335915,-0.02399999999999998

0.16663745774888253,-0.02399999999999998

0.16687931358678149,-0.02399999999999998

0.16714407346925625,-0.02399999999999998

0.16738378130253814,-0.02399999999999998

0.16764640739586859,-0.02399999999999998

0.16788398519574102,-0.02399999999999998

0.16814446590973353,-0.02424999999999998

0.16842625364558966,-0.02424999999999998

0.16868240726286127,-0.02424999999999998

0.1689612473800853,-0.02424999999999998

0.1692149907129435,-0.02424999999999998

0.16949161886783387,-0.02424999999999998

0.1697432274563253,-0.02424999999999998

0.17001773125338848,-0.02424999999999998

0.17026721699187713,-0.02424999999999998

0.1705395803924076,-0.02424999999999998

0.17078691926865708,-0.02449999999999998

0.17105711844825136,-0.02449999999999998

0.17130228954848073,-0.02449999999999998

0.1715703072641725,-0.02449999999999998

0.17181329670457415,-0.02449999999999998

0.17207912204194215,-0.02449999999999998

0.1723199212533304,-0.02449999999999998

0.17258354759666727,-0.02449999999999998

0.17282215142334867,-0.02449999999999998

0.1730835748317321,-0.02449999999999998

0.17331998020038697,-0.02474999999999998

0.1735791983443996,-0.02474999999999998

0.1738134034244906,-0.02474999999999998

0.17407041493051897,-0.02474999999999998

0.17430241862431306,-0.02474999999999998

0.17455722268050441,-0.02474999999999998

0.17478702431941676,-0.02474999999999998

0.17503962044272414,-0.02474999999999998

0.17526721960916156,-0.02474999999999998

0.1755176075094464,-0.02474999999999998

0.17574300393363926,-0.02499999999999998

0.1759911834353593,-0.02499999999999998

0.17626059371908187,-0.02499999999999998

0.17650446017667054,-0.02499999999999998

0.17677091374977907,-0.02499999999999998

0.17701235092638667,-0.02499999999999998

0.17727657266276595,-0.02499999999999998

0.177515857245555,-0.02499999999999998

0.17777793991584,-0.02499999999999998

0.1780150896476995,-0.02499999999999998

0.1782750225187524,-0.02524999999999998

0.17855619196175843,-0.02524999999999998

0.1788118669030613,-0.02524999999999998

0.17909011685043863,-0.02524999999999998

0.1793433883771491,-0.02524999999999998

0.17961942470380426,-0.02524999999999998

0.17987055729113044,-0.02524999999999998

0.18014446448076646,-0.02524999999999998

0.1803934699882894,-0.02524999999999998

0.18066523300679305,-0.02524999999999998

0.18091208864535213,-0.02549999999999998

0.18118168481729435,-0.02549999999999998

0.1814263706593201,-0.02549999999999998

0.18169378356423713,-0.02549999999999998

0.1819362864034909,-0.02549999999999998

0.18220150569011342,-0.02549999999999998

0.18244181742836213,-0.02549999999999998

0.18270483688340095,-0.02549999999999998

0.18294295271249086,-0.02549999999999998

0.18320376870302943,-0.02549999999999998

0.18343968582507827,-0.02574999999999998

0.18369829627439613,-0.02574999999999998

0.18393201309167176,-0.02574999999999998

0.18418841684576098,-0.02574999999999998

0.1844199324674113,-0.02574999999999998

0.1846741289135,-0.02574999999999998

0.18490344286133367,-0.02574999999999998

0.18515543170206428,-0.02574999999999998

0.18538254373788626,-0.02574999999999998

0.18563232485962303,-0.02574999999999998

0.18585723488521744,-0.02599999999999998

0.18610480828219364,-0.02599999999999998

0.18637354191928499,-0.02599999999999998

0.18661687575759758,-0.02599999999999998

0.18688268476321546,-0.02599999999999998

0.1871235998080649,-0.02599999999999998

0.1873871786975633,-0.02599999999999998

0.1876259401418064,-0.02599999999999998

0.18788737824562846,-0.02599999999999998

0.18812400355515496,-0.02599999999999998

0.18838329095634976,-0.02624999999999998

0.18866374327852387,-0.02624999999999998

0.1889188455619006,-0.02624999999999998

0.18919641010315144,-0.02624999999999998

0.18944911933769823,-0.02624999999999998

0.18972447203404566,-0.02624999999999998

0.18997504152579608,-0.02624999999999998

0.19024826367103187,-0.02624999999999998

0.1904967051933319,-0.02624999999999998

0.19076778271389588,-0.02624999999999998

0.19101407465913317,-0.026499999999999982

0.1912829859871338,-0.026499999999999982

0.19152710937190962,-0.026499999999999982

0.19179383886626725,-0.026499999999999982

0.1920357811178535,-0.026499999999999982

0.19230031894543112,-0.026499999999999982

0.19254007239079243,-0.026499999999999982

0.19280241269422232,-0.026499999999999982

0.19303997282575447,-0.026499999999999982

0.19330011223254,-0.026499999999999982

0.19353547647978353,-0.026749999999999982

0.19379341311740828,-0.026749999999999982

0.19402658006660686,-0.026749999999999982

0.19428231295139872,-0.026749999999999982

0.1945132818690056,-0.026749999999999982

0.19476681053727296,-0.026749999999999982

0.19499558108527154,-0.026749999999999982

0.1952469053747492,-0.026749999999999982

0.19547347744345323,-0.026749999999999982

0.19572259736577624,-0.026749999999999982

0.19594697097709005,-0.026999999999999982

0.19619388664444615,-0.026999999999999982

0.19646189045671753,-0.026999999999999982

0.1967504662079235,-0.026999999999999982

0.19701362356364097,-0.026999999999999982

0.19729910260368824,-0.026999999999999982

0.19755983332486365,-0.026999999999999982

0.19784313223013952,-0.026999999999999982

0.19810177522542283,-0.026999999999999982

0.19838299656817954,-0.026999999999999982

0.19863955949278758,-0.027249999999999983

0.19891867643287983,-0.027249999999999983

0.19917312326587652,-0.027249999999999983

0.19945010095924073,-0.027249999999999983

0.19970240141379006,-0.027249999999999983

0.19997721500592866,-0.027249999999999983

0.2002273491547833,-0.027249999999999983

0.20049998304009548,-0.027249999999999983

0.20074793871688665,-0.027249999999999983

0.2010183835731959,-0.027249999999999983

0.201264153614194,-0.027499999999999983

0.2015324040468159,-0.027499999999999983

0.20177598435243596,-0.027499999999999983

0.20204203733938006,-0.027499999999999983

0.20228342563987314,-0.027499999999999983

0.20254727956379648,-0.027499999999999983

0.20278647466279584,-0.027499999999999983

0.20304812872472613,-0.027499999999999983

0.20328513004619633,-0.027499999999999983

0.2035445839176604,-0.027499999999999983

0.2037793912398339,-0.027749999999999983

0.20403664486024853,-0.027749999999999983

0.20426925816225808,-0.027749999999999983

0.2045243116229829,-0.027749999999999983

0.20475473099787425,-0.027749999999999983

0.20500758447680492,-0.027749999999999983

0.20523581008272812,-0.027749999999999983

0.20548646380760177,-0.027749999999999983

0.20571249584049298,-0.027749999999999983

0.20596095006824922,-0.027749999999999983

0.2061847887462885,-0.027999999999999983

0.2064310437511885,-0.027999999999999983

0.20669831131073205,-0.027999999999999983

0.20698609902889434,-0.027999999999999983

0.2072486314643369,-0.027999999999999983

0.2075333692547497,-0.027999999999999983

0.20779349078159878,-0.027999999999999983

0.20807605205133348,-0.027999999999999983

0.20833408595279973,-0.027999999999999983

0.208614569163428,-0.027999999999999983

0.20887052336043618,-0.028249999999999983

0.20914890333706734,-0.028249999999999983

0.20940274369137515,-0.028249999999999983

0.20967898728259324,-0.028249999999999983

0.2099306849000026,-0.028249999999999983

0.2102047683563512,-0.028249999999999983

0.2104543041675287,-0.028249999999999983

0.2107262125466933,-0.028249999999999983

0.21097357489468943,-0.028249999999999983

0.21124329926848393,-0.028249999999999983

0.21148848129338654,-0.028499999999999984

0.21175601650459605,-0.028499999999999984

0.2119990142916981,-0.028499999999999984

0.21226435746506123,-0.028499999999999984

0.21250516885994994,-0.028499999999999984

0.21276831847120828,-0.028499999999999984

0.21300694235111695,-0.028499999999999984

0.21326789766161147,-0.028499999999999984

0.21350433349808448,-0.028499999999999984

0.2137630942187574,-0.028499999999999984

0.2139973418206155,-0.028749999999999984

0.21425390791636476,-0.028749999999999984

0.21448596728171193,-0.028749999999999984

0.21474033885959848,-0.028749999999999984

0.21497021009207526,-0.028749999999999984

0.21522238733846927,-0.028749999999999984

0.2154500706005223,-0.028749999999999984

0.21570005374605386,-0.028749999999999984

0.21592554923288051,-0.028749999999999984

0.2161733385328122,-0.028749999999999984

0.21639664645767603,-0.028999999999999984

0.21664224218069658,-0.028999999999999984

0.21690877209802503,-0.028999999999999984

0.21719576766836082,-0.028999999999999984

0.2174738008732234,-0.028999999999999984

0.21777327615196276,-0.028999999999999984

0.21804805072229033,-0.028999999999999984

0.2183450662638162,-0.028999999999999984

0.21861767980027522,-0.028999999999999984

0.21891262421409644,-0.028999999999999984

0.21918319385091548,-0.029249999999999984

0.21947607679267778,-0.029249999999999984

0.21974457295335975,-0.029249999999999984

0.22003535443836147,-0.029249999999999984

0.2203017380357891,-0.029249999999999984

0.22059038409898862,-0.029249999999999984

0.22085462702756978,-0.029249999999999984

0.22114111520049848,-0.029249999999999984

0.22140319971274391,-0.029249999999999984

0.2216875162359979,-0.029249999999999984

0.2219474316781211,-0.029499999999999985

0.2222295684421584,-0.029499999999999985

0.222487308614008,-0.029499999999999985

0.22276726098255167,-0.029499999999999985

0.2230228223782521,-0.029499999999999985

0.22330058779141948,-0.029499999999999985

0.2235539684972204,-0.029499999999999985

0.2238295456109567,-0.029499999999999985

0.2240807446356932,-0.029499999999999985

0.22435413280496327,-0.029499999999999985

0.22460314968280307,-0.029749999999999985

0.2248743486580095,-0.029749999999999985

0.22512118321781768,-0.029749999999999985

0.22539019297020663,-0.029749999999999985

0.2256348452044452,-0.029749999999999985

0.22590166582758542,-0.029749999999999985

0.22614413581898252,-0.029749999999999985

0.2264087674738875,-0.029749999999999985

0.22664905535480356,-0.029749999999999985

0.22691149823952092,-0.029749999999999985

0.22714960416931723,-0.029999999999999985

0.2274098585017795,-0.029999999999999985

0.2276457826539695,-0.029999999999999985

0.22790384866213975,-0.029999999999999985

0.22813759121676142,-0.029999999999999985

0.22839346913265754,-0.029999999999999985

0.2286250302715918,-0.029999999999999985

0.2288787203275357,-0.029999999999999985

0.2291081002314749,-0.029999999999999985

0.22935960265765262,-0.029999999999999985

0.22958680150410152,-0.030249999999999985

0.22983611652696345,-0.030249999999999985

0.2301062591355734,-0.030249999999999985

0.23036834336315332,-0.030249999999999985

0.23065175402010082,-0.030249999999999985

0.23091063336573722,-0.030249999999999985

0.23119155855656198,-0.030249999999999985

0.23144822389837175,-0.030249999999999985

0.23172702268190581,-0.030249999999999985

0.2319815954233299,-0.030249999999999985

0.2322582934726953,-0.030499999999999985

0.2325558333338792,-0.030499999999999985

0.23282871184683332,-0.030499999999999985

0.23312354307062205,-0.030499999999999985

0.2333941087187756,-0.030499999999999985

0.23368676504229302,-0.030499999999999985

0.23395521307680112,-0.030499999999999985

0.23424575451777713,-0.030499999999999985

0.234512090524708,-0.030499999999999985

0.23480050259216845,-0.030499999999999985

0.23506470643862679,-0.030749999999999986

0.23535096943185058,-0.030749999999999986

0.23561302384414035,-0.030749999999999986

0.2358971235379417,-0.030749999999999986

0.23615701705482087,-0.030749999999999986

0.23643894447487004,-0.030749999999999986

0.23669667007371004,-0.030749999999999986

0.23697641985678414,-0.030749999999999986

0.23723197339815616,-0.030749999999999986

0.23750954244860928,-0.030749999999999986

0.23776292156238152,-0.030999999999999986

0.2380383081542052,-0.030999999999999986

0.23828951152427502,-0.030999999999999986

0.23856271473884216,-0.030999999999999986

0.23881174166343486,-0.030999999999999986

0.23908276104853904,-0.030999999999999986

0.23932961117696455,-0.030999999999999986

0.2395984465448193,-0.030999999999999986

0.23984311972335137,-0.030999999999999986

0.24010977103344208,-0.030999999999999986

0.24035226721691258,-0.031249999999999986

0.24061673450926882,-0.031249999999999986

0.24085705371119628,-0.031249999999999986

0.24111933706900932,-0.031249999999999986

0.241357479333817,-0.031249999999999986

0.24161757886258098,-0.031249999999999986

0.24185354425007805,-0.031249999999999986

0.24211146006592224,-0.031249999999999986

0.24234524864258764,-0.031249999999999986

0.24260098086559406,-0.031249999999999986

0.24283259269948299,-0.031499999999999986

0.24308614144976243,-0.031499999999999986

0.243340868082118,-0.031499999999999986

0.24361660907590463,-0.031499999999999986

0.24386794060652783,-0.031499999999999986

0.2441411029348239,-0.031499999999999986

0.24439015596469546,-0.031499999999999986

0.24466114408525153,-0.031499999999999986

0.24490806877825255,-0.031499999999999986

0.24517692962217297,-0.031499999999999986

0.24542173076674784,-0.03174999999999999

0.2456884533474898,-0.03174999999999999

0.24593111533831463,-0.03174999999999999

0.24619568425010804,-0.03174999999999999

0.2464361934519681,-0.03174999999999999

0.2466985973995457,-0.03174999999999999

0.2469369446309424,-0.03174999999999999

0.24719717638773162,-0.03174999999999999

0.247433355938859,-0.03174999999999999

0.24769141112330106,-0.03174999999999999

0.2479254195729906,-0.03199999999999999

0.2481812956140142,-0.03199999999999999

0.24841333054700723,-0.03199999999999999

0.24866721848771572,-0.03199999999999999

0.24889706977927653,-0.03199999999999999

0.24914877326860577,-0.03199999999999999

0.2493765855508618,-0.03199999999999999

0.2496262327638857,-0.03199999999999999

0.24985292578041915,-0.03199999999999999

0.250101368425232,-0.03199999999999999

0.2503268218884451,-0.03224999999999999

0.2505740036469073,-0.03224999999999999

0.2508417828956274,-0.03224999999999999

0.2511298064692621,-0.03224999999999999

0.251408085452964,-0.03224999999999999

0.2517075158184047,-0.03224999999999999

0.25198277500471217,-0.03224999999999999

0.2522798320633633,-0.03224999999999999

0.2525529529699657,-0.03224999999999999

0.2528479377562982,-0.03224999999999999

0.25311900796132425,-0.03249999999999999

0.253411924024853,-0.03249999999999999

0.2536809164510636,-0.03249999999999999

0.25397172878499175,-0.03249999999999999

0.25423860942916704,-0.03249999999999999

0.25452728848389544,-0.03249999999999999

0.25479225751163503,-0.03249999999999999

0.25507899005735496,-0.03249999999999999

0.25534284381867983,-0.03249999999999999

0.25562837619343626,-0.03249999999999999

0.2558910000339562,-0.03274999999999999

0.256175278413988,-0.03274999999999999

0.25643665183536485,-0.03274999999999999

0.2567196730840885,-0.03274999999999999

0.25697979947875654,-0.03274999999999999

0.2572615687561297,-0.03274999999999999

0.2575204530947165,-0.03274999999999999

0.2578009746146802,-0.03274999999999999

0.2580586202039899,-0.03274999999999999

0.25833789651135214,-0.03274999999999999

0.25859430522430205,-0.03299999999999999

0.25887233771175655,-0.03299999999999999

0.2591275105271785,-0.03299999999999999

0.259404299906015,-0.03299999999999999

0.2596582372891375,-0.03299999999999999

0.25993378388532634,-0.03299999999999999

0.2601864860131952,-0.03299999999999999

0.26046078993703725,-0.03299999999999999

0.26071225682519544,-0.03299999999999999

0.26098531806567943,-0.03299999999999999

0.2612355496382536,-0.03324999999999999

0.2615073681152951,-0.03324999999999999

0.2617563642438948,-0.03324999999999999

0.2620269398374641,-0.03324999999999999

0.2622747003631196,-0.03324999999999999

0.2625442278019132,-0.03324999999999999

0.26279093173478135,-0.03324999999999999

0.26305951939038963,-0.03324999999999999

0.2633052770114304,-0.03324999999999999

0.2635729481303978,-0.03324999999999999

0.2638177913188148,-0.03349999999999999

0.26408455407167897,-0.03349999999999999

0.26432849528002506,-0.03349999999999999

0.26459435191309333,-0.03349999999999999

0.26483739484708346,-0.03349999999999999

0.2651023445352418,-0.03349999999999999

0.2653444886734719,-0.03349999999999999

0.2656085292092874,-0.03349999999999999

0.2658497722410001,-0.03349999999999999

0.26611290107443,-0.03349999999999999

0.266353240233513,-0.03374999999999999

0.2666154550262623,-0.03374999999999999

0.26685488775519206,-0.03374999999999999

0.2671161866016134,-0.03374999999999999

0.267354710809501,-0.03374999999999999

0.26761509225818614,-0.03374999999999999

0.26785270635083736,-0.03374999999999999

0.26811216932810483,-0.03374999999999999

0.2683488721283422,-0.03374999999999999

0.2686074158301002,-0.03374999999999999

0.2688432064621529,-0.03399999999999999

0.26910083025175496,-0.03399999999999999

0.2693357080306315,-0.03399999999999999

0.2695924113590795,-0.03399999999999999

0.2698263757030745,-0.03399999999999999

0.2700821580550436,-0.03399999999999999

0.27031520842558715,-0.03399999999999999

0.2705700692881009,-0.03399999999999999

0.2708022051539078,-0.03399999999999999

0.27105614400158656,-0.03399999999999999

0.27128736482095694,-0.03424999999999999

0.27154038111199125,-0.03424999999999999

0.2718137790735047,-0.03424999999999999

0.2720645419366344,-0.03424999999999999

0.27233662505819745,-0.03424999999999999

0.27258601734844906,-0.03424999999999999

0.27285684344201716,-0.03424999999999999

0.2731050295711536,-0.03424999999999999

0.2733746538881842,-0.03424999999999999

0.2736216449385676,-0.03424999999999999

0.2738900611871389,-0.03449999999999999

0.2741788812351811,-0.03449999999999999

0.2744440245436074,-0.03449999999999999

0.2747305364832083,-0.03449999999999999

0.2749944317960572,-0.03449999999999999

0.2752797392014433,-0.03449999999999999

0.27554244293263186,-0.03449999999999999

0.27582654616169455,-0.03449999999999999

0.2760880471596823,-0.03449999999999999

0.27637093320368983,-0.03449999999999999

0.2766312189935421,-0.03474999999999999

0.27691287676641624,-0.03474999999999999

0.27717193783321775,-0.03474999999999999

0.27745235941096164,-0.03474999999999999

0.27771018922950835,-0.03474999999999999

0.2779893693437317,-0.03474999999999999

0.27824596365900645,-0.03474999999999999

0.2785238989357701,-0.03474999999999999

0.27877925504495493,-0.03474999999999999

0.2790559433666592,-0.03474999999999999

0.2793100595715426,-0.03499999999999999

0.27958549961741974,-0.03499999999999999

0.2798383748452307,-0.03499999999999999

0.28011256578218746,-0.03499999999999999

0.280364199336557,-0.03499999999999999

0.2806371406203277,-0.03499999999999999

0.2808875320242932,-0.03499999999999999

0.28115922327657,-0.03499999999999999

0.2814083721775343,-0.03499999999999999

0.28167884241807606,-0.03499999999999999

0.28192677552315704,-0.03524999999999999

0.2821962653110362,-0.03524999999999999

0.2824432057342466,-0.03524999999999999

0.2827117550842145,-0.03524999999999999

0.28295775325381045,-0.03524999999999999

0.2832253748591302,-0.03524999999999999

0.2834704503566905,-0.03524999999999999

0.28373714873364175,-0.03524999999999999

0.2839813086839317,-0.03524999999999999

0.2842470841883441,-0.03524999999999999

0.2844903296713387,-0.03524999999999999

0.2847551805683642,-0.03549999999999999

0.28504028052286345,-0.03549999999999999

0.2853026095867488,-0.03549999999999999

0.2855860840605359,-0.03549999999999999

0.2858470646031605,-0.03549999999999999

0.28612928173499597,-0.03549999999999999

0.2863890489984709,-0.03549999999999999

0.2866700545738011,-0.03549999999999999

0.28692861739740744,-0.03549999999999999

0.28720840554985383,-0.03549999999999999

0.2874657529961037,-0.03574999999999999

0.2877443120749995,-0.03574999999999999

0.2880004334400651,-0.03574999999999999

0.2882777542985879,-0.03574999999999999

0.288532642000466,-0.03574999999999999

0.28880871852311857,-0.03574999999999999

0.2890623676516915,-0.03574999999999999

0.2893371959692119,-0.03574999999999999

0.2895896034504019,-0.03574999999999999

0.2898631811699827,-0.03574999999999999

0.29011434510117445,-0.03599999999999999

0.2903867714477005,-0.03599999999999999

0.2906367834567535,-0.03599999999999999

0.2909082329997349,-0.03599999999999999

0.29115725944079224,-0.03599999999999999

0.2914277648885219,-0.03599999999999999

0.2916758476061312,-0.03599999999999999

0.29194542017474423,-0.03599999999999999

0.2921925759015694,-0.03599999999999999

0.292461219330297,-0.03599999999999999

0.2927074538875779,-0.03624999999999999

0.29297516796834444,-0.03624999999999999

0.2932204817279994,-0.03624999999999999

0.29348726431924355,-0.03624999999999999

0.2937316551524321,-0.03624999999999999

0.2939975034751423,-0.03624999999999999

0.2942409684285053,-0.03624999999999999

0.29450587980633197,-0.03624999999999999

0.2947484159909925,-0.03624999999999999

0.29501238818523057,-0.03624999999999999

0.2952539931683098,-0.03649999999999999

0.2955170244548307,-0.03649999999999999

0.29575769635502197,-0.03649999999999999

0.2960197854628149,-0.03649999999999999

0.296259522891114,-0.03649999999999999

0.29652066888642203,-0.03649999999999999

0.29675947082522514,-0.03649999999999999

0.29701967299190296,-0.03649999999999999

0.29725753866763044,-0.03649999999999999

0.29751679640875694,-0.03649999999999999

0.29775372518552823,-0.03674999999999999

0.2980120379540912,-0.03674999999999999

0.2982589987606373,-0.03674999999999999

0.29852667707083164,-0.03674999999999999

0.29877197809666844,-0.03674999999999999

0.29903828340196703,-0.03674999999999999

0.29928231197901844,-0.03674999999999999

0.2995473708848756,-0.03674999999999999

0.29979017178708894,-0.03674999999999999

0.30005399683302914,-0.03674999999999999

0.30029556949509906,-0.03699999999999999

0.3005581552984642,-0.03699999999999999

0.3007984930496021,-0.03699999999999999

0.301059929829624,-0.03699999999999999

0.3012991161669433,-0.03699999999999999

0.3015595575095067,-0.03699999999999999

0.30179773968754664,-0.03699999999999999

0.30205721494522103,-0.03699999999999999

0.30229443094556285,-0.03699999999999999

0.30255295225402057,-0.03699999999999999

0.30278921937033826,-0.03724999999999999

0.30304679288543007,-0.03724999999999999

0.30332442655806996,-0.03724999999999999

0.3035796060098129,-0.03724999999999999

0.3038556656416816,-0.03724999999999999

0.3041095066948487,-0.03724999999999999

0.30438430246029546,-0.03724999999999999

0.3046369182507727,-0.03724999999999999

0.30491048935862386,-0.03724999999999999

0.30516188826718305,-0.03724999999999999

0.3054342304768914,-0.03749999999999999

0.3057266489672448,-0.03749999999999999

0.3059960694181109,-0.03749999999999999

0.30628639102714794,-0.03749999999999999

0.3065545607912095,-0.03749999999999999

0.3068436572331503,-0.03749999999999999

0.3071106123217719,-0.03749999999999999

0.3073984817820676,-0.03749999999999999

0.3076642138748718,-0.03749999999999999

0.3079508471494596,-0.03749999999999999

0.3082153472924344,-0.03774999999999999

0.30850073622019475,-0.03774999999999999

0.30876399721263303,-0.03774999999999999

0.30904813566544154,-0.03774999999999999

0.30931015235777926,-0.03774999999999999

0.30959303612136846,-0.03774999999999999

0.30985380506231663,-0.03774999999999999

0.3101354313812407,-0.03774999999999999

0.3103949503417032,-0.03774999999999999

0.3106753174673148,-0.03774999999999999

0.3109335850339493,-0.03799999999999999

0.3112126918712002,-0.03799999999999999

0.3114697071470434,-0.03799999999999999

0.3117475530052085,-0.03799999999999999

0.31200331540567416,-0.03799999999999999

0.31227989983348825,-0.03799999999999999

0.31253440895513623,-0.03799999999999999

0.3128097316375209,-0.03799999999999999

0.3130629871780445,-0.03799999999999999

0.31333725441590843,-0.03799999999999999

0.31358944686703516,-0.03824999999999999

0.31386273933149156,-0.03824999999999999

0.3141139538960951,-0.03824999999999999

0.31438628931252266,-0.03824999999999999

0.3146365512125868,-0.03824999999999999

0.31490793553918467,-0.03824999999999999

0.3151572541369103,-0.03824999999999999

0.31542768853058445,-0.03824999999999999

0.31567606605030907,-0.03824999999999999

0.3159455492272456,-0.03824999999999999

0.31619298454284517,-0.03849999999999999

0.31646151419223995,-0.03849999999999999

0.31670800485041395,-0.03849999999999999

0.31697557848625707,-0.03849999999999999

0.3172211217886431,-0.03849999999999999

0.31748773718697537,-0.03849999999999999

0.31773233070847184,-0.03849999999999999

0.3179979860657106,-0.03849999999999999

0.3182416278373951,-0.03849999999999999

0.3185063217659331,-0.03849999999999999

0.3187490102739415,-0.03874999999999999

0.3190127417212348,-0.03874999999999999

0.31925447582107713,-0.03874999999999999

0.3195172439676161,-0.03874999999999999

0.31975802277479753,-0.03874999999999999

0.32001982694171016,-0.03874999999999999

0.32025964973168786,-0.03874999999999999

0.3205204893104534,-0.03874999999999999

0.3207593554417344,-0.03874999999999999

0.32101922984800874,-0.03874999999999999

0.32125713871073874,-0.03899999999999999

0.321516047358393,-0.03899999999999999

0.3217948173086742,-0.03899999999999999

0.3220576427926758,-0.03899999999999999

0.32234093399531316,-0.03899999999999999

0.3226022643086197,-0.03899999999999999

0.3228842461937403,-0.03899999999999999

0.3231443315634746,-0.03899999999999999

0.3234250780215274,-0.03899999999999999

0.32368394066294,-0.03899999999999999

0.32396345380646624,-0.03924999999999999

0.32426284028477964,-0.03924999999999999

0.32453915399452427,-0.03924999999999999

0.3248361206773892,-0.03924999999999999

0.3251111835911574,-0.03924999999999999

0.3254068881033955,-0.03924999999999999

0.32568074235206157,-0.03924999999999999

0.32597521275713587,-0.03924999999999999

0.326247832423783,-0.03924999999999999

0.3265410534767397,-0.03924999999999999

0.32681242907798114,-0.03949999999999999

0.3271043941492796,-0.03949999999999999

0.3273745205152129,-0.03949999999999999

0.32766522539819826,-0.03949999999999999

0.3279340989963732,-0.03949999999999999

0.3282235407709971,-0.03949999999999999

0.32849115915679283,-0.03949999999999999

0.32877933584291474,-0.03949999999999999

0.32904569737855005,-0.03949999999999999

0.3293326076801869,-0.03949999999999999

0.3295977112969813,-0.039749999999999994

0.32988335438458216,-0.039749999999999994

0.3301471993887684,-0.039749999999999994

0.33043157473013146,-0.039749999999999994

0.33069416065927304,-0.039749999999999994

0.3309772679000552,-0.039749999999999994

0.33123859442592213,-0.039749999999999994

0.33152043331196485,-0.039749999999999994

0.33178050017977495,-0.039749999999999994

0.33206107051036493,-0.039749999999999994

0.3323198775035746,-0.039999999999999994

0.33259941625776934,-0.039999999999999994

0.3328571825398186,-0.039999999999999994

0.33313573681975245,-0.039999999999999994

0.33339251799972464,-0.039999999999999994

0.3336701006745683,-0.039999999999999994

0.33392591632231844,-0.039999999999999994

0.3342025319380805,-0.039999999999999994

0.33445738920824314,-0.039999999999999994

0.33473303832059503,-0.039999999999999994

0.33498693849534594,-0.040249999999999994

0.33526161960446726,-0.040249999999999994

0.3355145612246017,-0.040249999999999994

0.3357882720078239,-0.040249999999999994

0.3360402525807973,-0.040249999999999994

0.3363129906304962,-0.040249999999999994

0.33656400754091836,-0.040249999999999994

0.33683577073292653,-0.040249999999999994

0.3370858216689858,-0.040249999999999994

0.33735660828542585,-0.040249999999999994

0.3376056913775842,-0.040499999999999994

0.3378755000890159,-0.040499999999999994

0.33812361389249085,-0.040499999999999994

0.33839244367607485,-0.040499999999999994

0.3386395870836726,-0.040499999999999994

0.33890743712631516,-0.040499999999999994

0.3391536092645482,-0.040499999999999994

0.33942047887737326,-0.040499999999999994

0.33966567901393807,-0.040499999999999994

0.33993156756836135,-0.040499999999999994

0.34017579504228146,-0.040749999999999995

0.3404407019287045,-0.040749999999999995

0.3406839561043695,-0.040749999999999995

0.34094788070954407,-0.040749999999999995

0.3411901609508195,-0.040749999999999995

0.34145310264844536,-0.040749999999999995

0.34169440830717224,-0.040749999999999995

0.34195636645654964,-0.040749999999999995

0.34219669687006454,-0.040749999999999995

0.34245767081895734,-0.040749999999999995

0.34269702531238416,-0.040999999999999995

0.3429570144011003,-0.040999999999999995

0.34323661840337233,-0.040999999999999995

0.34353280656230284,-0.040999999999999995

0.3438485171932651,-0.040999999999999995

0.3441414941113138,-0.040999999999999995

0.3444548069664391,-0.040999999999999995

0.3447456038070955,-0.040999999999999995

0.34505679890701174,-0.040999999999999995

0.3453455447121076,-0.040999999999999995

0.345654679217246,-0.041249999999999995

0.34598348357673725,-0.041249999999999995

0.3462896556061922,-0.041249999999999995

0.34661614049458356,-0.041249999999999995

0.3469201387279753,-0.041249999999999995

0.3472444820773472,-0.041249999999999995

0.3475469461668844,-0.041249999999999995

0.34786970386700505,-0.041249999999999995

0.348170980555613,-0.041249999999999995

0.3484924960345916,-0.041249999999999995

0.34879251703138076,-0.041499999999999995

0.34911275656078106,-0.041499999999999995

0.34941150880303967,-0.041499999999999995

0.3497304687350136,-0.041499999999999995

0.3500279521721293,-0.041499999999999995

0.3503456335995858,-0.041499999999999995

0.3506418494274846,-0.041499999999999995

0.3509582533868962,-0.041499999999999995

0.35125320235837326,-0.041499999999999995

0.35156832940783983,-0.041499999999999995

0.35186201187298394,-0.041749999999999995

0.35217586226349584,-0.041749999999999995

0.3524682783475399,-0.041749999999999995

0.3527808521683305,-0.041749999999999995

0.3530720018793974,-0.041749999999999995

0.3533832991336367,-0.041749999999999995

0.35367318241468637,-0.041749999999999995

0.35398320305483644,-0.041749999999999995

0.354271819808138,-0.041749999999999995

0.3545805637534067,-0.041749999999999995

0.35486791385361344,-0.041999999999999996

0.35517546092283625,-0.041999999999999996

0.35546161828980605,-0.041999999999999996

0.35576814382605876,-0.041999999999999996

0.3560532748863505,-0.041999999999999996

0.35635880728250346,-0.041999999999999996

0.3566429487795757,-0.041999999999999996

0.35694749684557453,-0.041999999999999996

0.35723066258287844,-0.041999999999999996

0.357534229166527,-0.041999999999999996

0.35781642373139544,-0.042249999999999996

0.35811900859478346,-0.042249999999999996

0.35840023214991507,-0.042249999999999996

0.35870183350883156,-0.042249999999999996

0.358982084213507,-0.042249999999999996

0.35928269973291754,-0.042249999999999996

0.35956197507066995,-0.042249999999999996

